order_item_id,order_id,product_id,quantity,price
1,1,31,3,355.03
2,1,16,2,8.28
3,1,33,3,214.83
4,1,4,1,30.1
5,1,38,3,365.12
6,2,30,1,271.72
7,2,21,2,421.69
8,2,38,1,396.49
9,3,42,2,399.03
10,4,22,2,156.36
11,4,11,1,279.81
12,4,26,1,178.58
13,5,43,1,346.61
14,6,42,2,497.65
15,6,2,2,130.58
16,6,49,1,25.6
17,7,37,3,388.52
18,7,36,3,103.32
19,7,27,3,178.87
20,7,33,1,129.72
21,8,34,3,6.6
22,8,19,2,72.71
23,9,43,1,215.64
24,9,15,2,299.01
25,10,26,1,232.29
26,10,21,1,354.5
27,10,40,1,172.95
28,11,35,3,42.97
29,11,22,1,275.44
30,11,46,1,123.85
31,11,31,1,188.83
32,11,38,2,334.19
33,12,25,2,412.53
34,12,42,2,109.87
35,12,49,2,114.57
36,13,33,1,170.15
37,13,8,2,271.3
38,14,24,2,272.77
39,14,45,1,453.22
40,14,23,1,383.85
41,14,47,2,421.64
42,14,39,1,406.46
43,15,35,1,276.16
44,15,34,2,344.04
45,16,15,1,366.88
46,16,29,1,75.65
47,17,26,3,135.74
48,17,28,2,127.85
49,18,30,3,211.74
50,18,42,2,458.7
51,18,32,1,236.97
52,18,26,3,268.7
53,19,3,3,108.73
54,19,42,3,47.44
55,20,39,3,360.58
56,21,23,1,375.67
57,21,49,1,479.99
58,22,46,2,92.38
59,22,29,2,83.71
60,22,42,1,247.7
61,22,38,1,450.38
62,22,2,2,15.33
63,23,42,1,113.09
64,23,3,1,230.91
65,23,25,3,29.08
66,23,48,3,316.21
67,24,37,1,323.77
68,25,11,3,194.08
69,26,35,1,351.24
70,26,32,2,222.83
71,27,42,1,475.02
72,28,49,1,439.09
73,28,22,1,270.38
74,28,47,2,409.99
75,28,7,2,448.03
76,28,31,3,446.27
77,29,32,2,150.95
78,30,42,2,449.29
79,30,26,2,240.59
80,31,42,1,30.23
81,31,9,3,295.54
82,31,36,3,331.94
83,31,10,3,87.95
84,31,16,1,107.28
85,32,4,2,106.99
86,32,23,1,187.01
87,32,15,3,370.7
88,33,36,1,162.94
89,33,15,2,30.84
90,33,6,3,403.85
91,33,21,2,399.85
92,34,6,2,87.71
93,34,21,3,278.98
94,34,20,3,98.12
95,35,19,1,352.58
96,36,1,3,5.93
97,36,46,3,254.85
98,37,39,3,312.27
99,37,28,3,139.31
100,38,27,2,449.18
101,38,7,3,272.66
102,38,47,2,114.7
103,38,34,3,488.5
104,38,15,3,122.27
105,39,5,2,8.92
106,39,16,3,276.34
107,39,3,3,218.01
108,39,12,2,175.78
109,40,3,3,401.1
110,40,40,3,197.45
111,40,45,3,310.09
112,40,42,1,462.91
113,40,11,1,300.22
114,41,24,2,423.11
115,41,38,1,238.67
116,41,1,1,10.45
117,41,30,1,372.01
118,41,11,1,273.29
119,42,26,1,474.33
120,43,26,1,70.38
121,43,6,3,197.65
122,43,17,1,276.82
123,43,49,1,191.93
124,43,32,2,20.18
125,44,47,2,423.28
126,44,50,1,136.47
127,45,32,1,402.53
128,45,7,3,463.4
129,45,45,2,15.41
130,45,23,3,374.9
131,45,12,1,241.07
132,46,40,1,477.72
133,46,36,1,198.48
134,47,16,1,237.51
135,48,43,1,128.9
136,48,8,2,251.41
137,48,21,1,244.6
138,48,2,2,254.6
139,48,25,3,324.24
140,49,34,2,493.42
141,49,18,2,415.85
142,49,17,3,233.52
143,49,42,1,217.17
144,49,50,1,308.28
145,50,8,1,381.19
146,51,25,1,132.78
147,51,29,1,114.02
148,51,44,3,104.46
149,51,21,1,497.48
150,51,34,3,415.98
151,52,43,1,245.61
152,52,34,2,53.17
153,52,21,2,493.14
154,52,31,3,421.03
155,53,15,2,291.95
156,53,39,3,87.33
157,53,46,3,68.47
158,53,22,3,250.45
159,54,30,2,477.07
160,55,9,3,467.76
161,55,2,3,487.77
162,55,25,3,403.55
163,55,17,3,478.41
164,56,17,1,478.18
165,56,7,1,208.97
166,56,19,3,201.95
167,56,29,2,345.76
168,56,42,2,98.05
169,57,48,1,375.19
170,57,31,2,252.05
171,57,44,2,232.4
172,58,18,2,47.53
173,59,4,2,495.37
174,59,35,2,135.74
175,59,8,1,78.83
176,60,29,3,235.82
177,61,14,1,411.63
178,61,25,1,25.22
179,61,13,1,30.0
180,61,4,2,427.79
181,61,31,3,237.66
182,62,27,3,50.98
183,62,1,3,385.22
184,63,41,1,473.49
185,63,44,2,275.01
186,63,50,3,382.59
187,63,6,2,186.41
188,64,37,1,21.74
189,64,2,2,329.87
190,64,20,1,247.82
191,64,3,3,294.61
192,64,49,1,53.23
193,65,13,1,66.04
194,65,21,1,29.57
195,65,28,2,370.47
196,65,48,3,72.56
197,65,19,2,301.98
198,66,7,2,413.46
199,66,1,1,148.34
200,66,11,3,230.49
201,66,23,1,334.93
202,66,15,3,333.29
203,67,14,2,239.1
204,68,42,2,235.05
205,68,38,2,29.68
206,68,23,2,433.89
207,68,49,3,323.68
208,68,3,1,21.39
209,69,32,1,329.43
210,69,27,1,496.23
211,70,3,2,413.56
212,70,40,2,452.11
213,70,32,1,372.55
214,71,13,1,175.81
215,71,11,1,201.49
216,71,41,2,268.68
217,71,19,2,493.18
218,71,28,1,309.49
219,72,10,2,40.57
220,72,32,1,235.91
221,72,24,2,281.91
222,73,8,3,328.18
223,73,11,1,477.4
224,73,49,1,99.6
225,73,10,1,145.08
226,74,10,3,317.8
227,74,31,2,16.05
228,74,48,1,188.24
229,74,27,3,57.31
230,75,33,3,141.51
231,75,17,3,61.82
232,75,14,2,22.7
233,75,32,3,348.78
234,75,7,2,330.61
235,76,3,1,381.75
236,76,2,2,168.43
237,76,16,2,374.34
238,76,15,2,397.0
239,77,12,3,198.27
240,78,47,1,158.93
241,78,48,1,443.38
242,79,26,2,188.17
243,79,31,2,20.05
244,80,34,3,300.13
245,80,35,2,85.74
246,80,28,1,273.98
247,80,10,3,190.29
248,80,41,3,490.12
249,81,18,3,338.55
250,81,48,3,268.15
251,81,20,2,440.73
252,81,42,1,490.04
253,82,21,1,100.47
254,82,4,2,156.35
255,83,22,1,145.73
256,83,50,1,339.36
257,83,25,3,196.49
258,83,42,2,209.57
259,83,40,1,334.37
260,84,3,1,184.3
261,85,6,3,172.19
262,85,44,2,17.75
263,85,31,2,346.18
264,85,7,2,319.65
265,85,10,3,215.77
266,86,49,2,336.45
267,86,48,1,374.74
268,87,31,3,24.56
269,87,12,2,468.27
270,88,28,2,117.29
271,88,11,1,263.98
272,88,2,1,200.87
273,89,34,2,142.94
274,89,36,3,439.48
275,90,48,1,18.88
276,90,39,2,139.18
277,90,25,1,194.17
278,91,26,2,25.64
279,91,28,1,448.9
280,92,8,2,15.49
281,93,21,3,85.15
282,93,38,2,470.01
283,93,6,2,431.04
284,93,16,3,269.54
285,94,30,1,58.8
286,94,31,3,354.23
287,94,43,2,312.82
288,95,21,3,363.01
289,95,18,1,492.06
290,95,10,1,376.63
291,95,33,1,158.81
292,95,28,1,391.14
293,96,44,3,74.59
294,96,23,2,275.79
295,96,40,2,10.22
296,97,11,2,375.54
297,97,9,1,9.86
298,97,27,2,121.32
299,97,24,2,231.1
300,98,44,3,167.5
301,98,36,1,122.99
302,98,21,2,199.01
303,98,45,2,282.96
304,98,27,1,342.25
305,99,34,1,272.58
306,100,49,2,436.65
307,100,16,3,222.42
308,100,50,3,161.76
309,100,36,1,44.47
310,100,23,3,225.53
311,101,16,1,130.33
312,101,31,2,262.38
313,101,25,2,110.79
314,101,50,2,333.16
315,101,35,1,231.04
316,102,6,1,466.3
317,102,22,2,495.27
318,102,48,2,145.77
319,103,49,2,38.33
320,103,39,3,218.71
321,104,25,1,434.89
322,104,34,2,276.22
323,104,30,2,27.13
324,105,18,3,344.13
325,105,29,3,73.23
326,105,40,1,130.16
327,106,42,3,42.53
328,107,49,1,112.0
329,107,11,3,82.96
330,108,24,3,496.83
331,109,47,3,459.26
332,109,6,2,302.89
333,109,18,3,270.66
334,110,49,2,154.24
335,111,12,3,390.41
336,111,15,3,160.26
337,112,48,2,241.03
338,113,36,1,10.21
339,113,34,2,326.44
340,113,21,1,230.39
341,113,7,1,182.52
342,114,23,2,33.57
343,114,37,2,155.02
344,115,17,2,23.07
345,115,27,3,216.08
346,115,10,2,101.95
347,116,48,1,20.45
348,117,13,3,467.4
349,117,8,1,479.28
350,118,14,3,15.72
351,118,50,1,121.42
352,118,8,1,366.12
353,118,18,1,15.13
354,119,23,2,155.39
355,120,45,3,190.29
356,120,24,3,434.27
357,120,38,3,9.6
358,120,3,2,280.38
359,121,21,1,49.18
360,121,12,3,48.15
361,121,26,1,174.94
362,122,29,2,262.02
363,122,10,2,429.0
364,122,50,2,94.86
365,123,35,2,260.94
366,124,27,1,486.96
367,124,13,3,418.8
368,124,35,2,275.07
369,124,16,2,403.46
370,125,28,3,105.89
371,125,22,2,139.99
372,126,35,3,238.55
373,126,47,3,295.93
374,126,50,1,292.19
375,127,48,1,35.4
376,127,27,2,308.07
377,127,28,1,355.43
378,127,12,2,216.02
379,128,44,2,314.69
380,128,24,2,111.61
381,129,18,3,237.2
382,129,31,2,44.79
383,129,44,2,337.71
384,130,30,2,54.75
385,130,15,2,249.95
386,130,45,2,174.56
387,130,18,3,208.64
388,130,31,2,26.69
389,131,34,1,391.34
390,131,48,1,157.23
391,131,19,2,223.73
392,131,36,1,31.37
393,131,50,1,99.26
394,132,45,1,265.25
395,133,42,3,294.89
396,133,47,2,458.7
397,133,18,3,104.79
398,134,24,2,479.91
399,134,25,3,328.03
400,134,36,1,414.01
401,134,37,3,293.46
402,134,47,2,378.45
403,135,39,3,487.82
404,135,17,3,383.67
405,135,34,1,89.39
406,135,24,2,388.6
407,136,15,1,184.81
408,137,48,3,439.46
409,137,4,1,290.91
410,137,25,3,156.95
411,137,6,3,208.2
412,138,36,2,153.98
413,138,20,2,343.85
414,139,10,1,83.6
415,139,6,1,39.38
416,139,14,3,105.85
417,139,18,2,155.26
418,139,22,2,351.65
419,140,16,3,364.6
420,140,19,1,423.38
421,140,30,1,443.91
422,140,34,2,349.54
423,140,22,3,24.11
424,141,11,1,22.23
425,141,22,1,363.82
426,141,47,3,104.96
427,141,36,2,62.97
428,141,8,1,333.28
429,142,3,1,469.48
430,142,5,1,378.97
431,142,12,2,334.9
432,143,26,3,146.89
433,143,1,2,241.09
434,143,22,3,133.73
435,144,38,1,29.66
436,144,26,1,340.57
437,144,2,1,489.15
438,144,48,2,121.79
439,144,43,1,211.93
440,145,16,1,203.81
441,145,19,3,29.86
442,145,47,1,474.44
443,146,29,2,482.71
444,146,11,1,91.91
445,146,22,2,36.63
446,147,49,1,242.95
447,147,42,3,11.88
448,147,44,1,259.38
449,148,43,1,476.15
450,148,27,1,213.36
451,148,26,3,90.62
452,148,21,2,346.58
453,149,29,2,308.64
454,149,33,1,95.29
455,149,40,3,143.46
456,149,48,2,177.28
457,150,30,3,488.58
458,150,42,3,49.78
459,151,44,2,107.96
460,151,5,2,143.96
461,151,43,1,489.45
462,152,41,3,37.86
463,153,27,3,52.21
464,153,39,3,151.3
465,153,26,3,254.06
466,153,16,1,468.21
467,153,30,2,187.98
468,154,24,2,362.8
469,154,25,2,327.21
470,155,5,3,64.05
471,155,39,2,356.26
472,155,10,1,241.55
473,156,13,1,392.58
474,156,20,3,109.42
475,156,12,1,460.73
476,156,21,2,145.17
477,157,11,1,268.47
478,157,23,2,250.28
479,158,47,1,6.29
480,158,25,3,174.23
481,158,43,3,449.84
482,158,9,1,164.31
483,159,37,3,302.3
484,159,13,2,276.93
485,159,6,3,296.02
486,160,6,1,252.47
487,161,16,3,305.59
488,162,11,1,310.64
489,163,8,3,133.49
490,164,9,2,69.63
491,164,6,2,479.55
492,165,22,3,61.89
493,165,18,3,96.41
494,165,40,2,319.98
495,166,36,3,318.45
496,166,11,1,164.92
497,166,33,2,357.16
498,166,18,1,82.99
499,167,19,3,308.51
500,167,30,3,104.99
501,167,35,2,249.36
502,167,6,2,95.68
503,167,50,3,209.01
504,168,28,2,271.36
505,168,19,3,47.03
506,169,11,1,159.07
507,169,10,3,188.52
508,169,12,1,143.59
509,170,31,3,428.05
510,170,12,1,410.29
511,170,9,2,31.09
512,171,36,2,254.9
513,172,35,2,236.05
514,172,13,3,152.24
515,172,5,2,431.13
516,172,27,1,428.56
517,173,21,1,276.93
518,173,39,1,396.54
519,173,49,2,64.68
520,174,36,2,384.27
521,174,43,1,107.06
522,174,28,1,185.85
523,175,4,1,128.86
524,175,27,3,448.05
525,175,22,1,59.95
526,175,18,1,126.01
527,175,13,2,265.5
528,176,30,2,163.39
529,176,13,1,187.12
530,176,36,1,25.89
531,176,8,1,173.42
532,177,44,1,7.56
533,177,40,1,338.18
534,177,23,3,244.31
535,178,38,2,479.01
536,178,7,1,54.15
537,178,40,1,26.37
538,179,36,2,25.38
539,179,8,2,338.09
540,180,47,3,478.91
541,180,10,2,477.61
542,180,3,3,181.45
543,180,38,3,207.98
544,180,33,2,69.73
545,181,9,2,226.46
546,181,19,1,173.65
547,181,39,2,419.34
548,182,21,2,416.89
549,182,18,3,308.05
550,183,14,3,498.68
551,183,29,2,497.27
552,183,50,3,79.54
553,183,9,3,342.79
554,184,27,3,20.3
555,184,24,3,90.68
556,184,10,2,272.94
557,184,6,3,453.07
558,184,17,2,152.97
559,185,16,1,89.66
560,185,18,3,38.32
561,185,22,2,312.58
562,185,6,2,479.47
563,185,48,2,147.27
564,186,28,3,175.07
565,186,34,1,388.0
566,186,44,3,283.19
567,186,40,1,170.17
568,187,20,3,389.94
569,187,17,3,370.6
570,187,34,3,279.91
571,187,24,1,454.5
572,187,9,2,88.63
573,188,17,1,497.38
574,189,21,3,309.9
575,190,21,2,129.07
576,190,36,1,269.03
577,191,34,3,99.92
578,191,25,1,479.08
579,192,3,2,420.5
580,192,43,2,53.51
581,192,16,1,130.73
582,192,8,1,476.5
583,192,48,2,142.72
584,193,38,3,314.28
585,193,6,1,27.02
586,194,37,2,303.62
587,194,48,1,336.54
588,194,22,2,346.1
589,194,2,3,484.05
590,194,36,2,191.45
591,195,48,3,254.73
592,195,44,1,163.93
593,196,40,1,278.76
594,196,21,1,165.26
595,196,9,1,131.02
596,197,11,2,301.24
597,198,42,1,348.57
598,198,14,2,210.73
599,198,35,1,268.16
600,198,25,1,59.83
601,198,45,1,195.8
602,199,36,2,221.25
603,199,15,3,250.88
604,199,32,1,250.61
605,200,34,1,100.62
606,200,49,2,333.32
607,200,31,3,241.9
608,200,47,3,53.64
609,200,1,1,139.7
610,201,9,1,166.84
611,202,7,1,258.06
612,202,17,1,343.57
613,202,29,1,409.83
614,202,48,2,265.29
615,202,19,1,53.6
616,203,41,2,213.45
617,203,35,1,360.1
618,203,27,2,335.21
619,203,9,3,371.38
620,203,46,3,226.8
621,204,49,2,148.57
622,205,29,2,448.71
623,205,15,2,445.89
624,205,25,2,179.89
625,205,13,3,94.21
626,206,24,3,18.03
627,207,42,3,259.01
628,207,30,1,119.96
629,207,28,2,227.65
630,207,22,3,57.67
631,207,26,3,214.23
632,208,21,2,423.87
633,208,47,2,101.26
634,208,22,1,245.57
635,208,29,2,412.65
636,209,40,2,483.04
637,209,44,3,414.02
638,209,28,2,59.47
639,209,19,1,184.37
640,209,20,2,261.91
641,210,42,2,186.21
642,211,14,3,275.57
643,211,50,3,195.78
644,211,2,1,352.8
645,211,25,1,337.68
646,211,3,2,79.06
647,212,31,3,312.84
648,213,10,3,316.34
649,214,21,3,70.64
650,214,16,3,135.28
651,214,6,2,14.12
652,214,13,3,193.69
653,214,46,2,379.94
654,215,27,2,489.48
655,216,8,3,428.64
656,216,14,2,30.01
657,216,44,2,5.63
658,217,21,1,287.71
659,217,1,3,55.38
660,218,39,3,363.6
661,218,20,2,256.84
662,219,49,3,404.96
663,219,24,3,48.6
664,219,39,1,438.2
665,219,20,2,261.52
666,220,32,1,415.92
667,220,36,2,331.66
668,221,50,3,233.92
669,221,2,2,494.31
670,221,21,3,399.68
671,221,11,1,126.88
672,221,36,3,375.08
673,222,36,1,372.04
674,222,41,2,17.27
675,222,44,1,289.67
676,222,30,2,47.0
677,222,46,1,136.96
678,223,43,3,346.89
679,224,49,1,469.73
680,224,22,1,183.87
681,224,13,2,316.06
682,224,6,3,177.9
683,225,25,3,391.73
684,225,43,2,22.28
685,225,22,3,328.84
686,225,47,3,277.63
687,226,6,2,461.73
688,226,36,1,271.83
689,227,35,3,340.63
690,227,28,3,265.38
691,227,24,2,279.6
692,228,14,3,7.56
693,228,49,1,341.23
694,228,29,3,103.73
695,229,27,3,129.25
696,230,49,2,114.47
697,230,3,3,294.39
698,230,6,1,222.76
699,230,2,1,445.34
700,230,28,3,183.77
701,231,35,2,321.28
702,231,28,3,331.72
703,231,5,3,66.62
704,231,50,3,155.72
705,231,3,2,188.89
706,232,31,3,102.35
707,232,37,2,71.35
708,232,17,1,157.18
709,232,28,3,180.61
710,232,8,2,326.55
711,233,33,1,147.12
712,233,2,1,268.57
713,233,36,2,256.61
714,233,23,1,371.89
715,234,43,3,169.36
716,235,44,2,168.75
717,235,42,3,205.25
718,236,24,2,438.77
719,237,45,1,146.01
720,237,43,3,374.26
721,237,11,1,153.15
722,237,42,1,366.9
723,238,37,2,308.36
724,239,33,2,228.9
725,239,23,3,214.82
726,239,12,2,314.02
727,239,45,2,444.37
728,240,15,1,403.1
729,240,21,3,27.37
730,241,25,3,246.45
731,241,38,3,278.96
732,241,6,3,233.44
733,241,42,1,209.26
734,241,37,2,342.49
735,242,8,2,205.94
736,242,24,1,397.04
737,242,3,3,71.38
738,243,7,1,37.53
739,243,10,2,480.82
740,243,27,2,323.63
741,244,31,2,377.45
742,244,17,2,86.66
743,244,16,2,335.3
744,244,35,2,139.59
745,244,22,2,81.52
746,245,19,3,388.49
747,245,39,2,215.89
748,245,23,3,191.85
749,245,16,1,397.39
750,245,42,3,355.37
751,246,42,1,431.41
752,246,18,3,278.43
753,247,39,2,440.01
754,247,10,1,203.52
755,247,17,1,201.3
756,247,31,1,492.34
757,247,44,3,142.47
758,248,36,2,213.88
759,248,49,1,53.31
760,249,25,1,134.0
761,249,38,2,8.62
762,249,9,1,40.22
763,250,32,2,165.25
764,250,42,1,212.52
765,250,12,1,191.43
766,250,7,1,13.93
767,251,40,3,292.54
768,252,31,1,286.02
769,252,18,3,151.34
770,252,45,1,495.2
771,252,41,1,267.81
772,253,16,3,247.0
773,253,45,3,254.42
774,253,50,3,279.08
775,254,3,3,148.78
776,254,17,2,357.62
777,254,30,1,82.05
778,254,7,1,466.54
779,254,42,3,388.37
780,255,2,3,205.27
781,255,12,3,293.4
782,255,18,3,245.36
783,255,49,3,262.42
784,256,1,2,412.65
785,256,50,2,341.22
786,256,15,3,477.1
787,256,46,3,407.68
788,257,7,3,260.63
789,257,32,1,221.04
790,257,34,2,434.67
791,257,22,3,345.34
792,258,13,2,153.27
793,258,42,2,319.64
794,259,3,2,231.43
795,259,24,3,294.11
796,259,5,3,312.06
797,260,24,1,338.21
798,260,15,2,31.39
799,260,41,3,363.21
800,260,37,1,396.05
801,261,40,1,410.54
802,261,1,2,476.21
803,261,29,3,239.98
804,261,2,2,286.82
805,261,42,2,324.34
806,262,14,3,331.56
807,262,16,1,119.16
808,262,33,3,487.01
809,262,2,1,225.0
810,262,47,1,58.01
811,263,38,3,199.67
812,263,14,3,480.25
813,263,31,3,375.03
814,263,1,1,65.02
815,263,28,1,487.98
816,264,5,1,406.1
817,264,50,1,406.03
818,264,29,3,212.55
819,264,19,3,195.77
820,264,3,2,316.8
821,265,41,1,48.07
822,265,3,1,35.93
823,265,46,1,375.89
824,265,21,1,401.99
825,265,26,2,204.83
826,266,30,2,385.31
827,267,20,1,172.28
828,267,47,1,142.56
829,268,31,1,328.3
830,268,28,2,409.69
831,269,48,3,463.27
832,269,50,1,458.17
833,269,30,3,248.24
834,269,32,3,347.83
835,269,16,3,467.98
836,270,9,1,17.57
837,270,47,1,380.52
838,270,7,3,91.68
839,271,7,1,5.31
840,271,6,2,238.08
841,271,36,3,191.8
842,272,38,1,382.43
843,272,47,2,256.14
844,272,40,3,119.78
845,272,24,2,402.36
846,273,20,2,127.37
847,273,16,2,235.81
848,273,21,2,42.88
849,273,18,3,110.15
850,274,21,3,398.26
851,274,42,2,282.41
852,274,12,2,60.62
853,275,10,1,473.2
854,275,9,3,128.05
855,275,43,1,413.11
856,275,3,2,473.55
857,275,28,1,305.84
858,276,49,2,208.29
859,276,4,2,331.44
860,276,29,3,358.09
861,276,10,3,85.33
862,277,28,3,135.18
863,277,9,3,368.67
864,277,30,2,79.22
865,277,29,1,110.89
866,277,13,2,180.62
867,278,16,2,188.31
868,278,10,1,80.17
869,278,47,3,178.49
870,278,4,2,131.78
871,279,36,1,322.54
872,280,22,2,312.24
873,280,41,1,204.55
874,280,14,3,292.25
875,280,18,1,401.29
876,280,34,1,21.86
877,281,12,1,39.91
878,281,20,1,389.34
879,282,19,1,291.76
880,282,7,1,281.84
881,282,26,2,448.43
882,282,3,1,487.02
883,282,20,1,349.38
884,283,36,3,19.78
885,283,14,1,169.45
886,283,43,1,92.56
887,284,1,2,145.56
888,284,33,3,356.96
889,284,20,2,117.23
890,284,50,1,345.01
891,285,36,1,190.1
892,285,20,3,266.06
893,285,34,2,244.56
894,286,18,2,66.97
895,287,34,1,191.6
896,288,20,3,252.7
897,289,37,1,170.68
898,289,33,3,468.38
899,290,49,1,68.88
900,290,25,3,113.28
901,290,38,3,223.3
902,290,4,3,48.22
903,291,30,3,304.83
904,291,45,3,399.08
905,292,7,1,113.24
906,292,6,2,71.86
907,292,31,1,309.92
908,292,30,2,62.26
909,293,2,1,218.44
910,293,44,3,58.5
911,293,27,2,63.17
912,294,24,2,264.88
913,294,37,3,217.11
914,294,35,1,64.9
915,294,48,1,411.78
916,295,23,2,241.83
917,296,10,2,36.43
918,296,32,2,114.12
919,297,4,3,269.47
920,297,18,2,114.27
921,297,11,2,274.0
922,297,3,1,201.95
923,297,12,2,248.4
924,298,22,3,76.15
925,298,42,1,293.76
926,298,15,3,55.23
927,298,40,2,204.23
928,299,41,1,189.03
929,299,46,2,258.23
930,299,37,2,309.84
931,299,40,3,82.73
932,299,3,1,356.63
933,300,22,3,364.82
934,300,44,1,22.22
935,300,19,3,199.54
936,300,14,2,428.97
937,301,41,3,492.83
938,301,29,1,451.91
939,301,24,1,381.13
940,302,27,2,244.43
941,302,34,1,67.78
942,302,10,2,94.92
943,302,38,1,166.11
944,303,13,3,418.23
945,303,3,3,355.93
946,303,27,1,34.0
947,303,26,1,137.88
948,303,40,2,348.64
949,304,43,3,221.38
950,304,8,2,415.51
951,304,46,3,381.61
952,304,21,1,84.28
953,304,14,3,281.38
954,305,42,2,165.86
955,305,36,2,217.85
956,305,1,3,489.17
957,305,4,3,300.12
958,306,32,3,483.18
959,306,10,3,349.14
960,306,37,1,361.46
961,306,25,1,399.4
962,306,22,2,273.26
963,307,8,2,304.0
964,307,2,3,484.34
965,308,37,2,293.8
966,308,46,3,262.42
967,308,30,3,215.37
968,308,23,3,428.33
969,308,19,3,370.56
970,309,19,3,401.09
971,309,39,1,34.82
972,309,10,1,172.91
973,310,1,2,339.95
974,310,2,1,428.38
975,310,31,2,167.61
976,310,6,2,477.85
977,311,32,2,268.21
978,311,36,1,485.01
979,311,22,2,439.18
980,311,21,1,285.17
981,312,14,1,239.5
982,312,27,3,404.06
983,312,19,1,399.36
984,313,28,3,100.23
985,313,22,3,280.12
986,313,18,1,113.85
987,313,29,3,196.43
988,313,8,3,389.13
989,314,8,2,376.57
990,314,26,1,279.57
991,314,49,2,379.5
992,315,34,2,92.24
993,315,2,3,318.04
994,315,4,1,89.02
995,315,41,1,266.95
996,315,27,3,336.34
997,316,24,3,6.56
998,316,46,1,454.75
999,316,12,1,276.43
1000,317,49,2,281.33
1001,317,21,3,180.09
1002,317,24,1,452.07
1003,317,50,2,219.82
1004,317,4,2,105.01
1005,318,7,1,165.15
1006,319,13,2,359.95
1007,319,36,1,143.5
1008,319,49,1,269.57
1009,319,3,2,214.25
1010,319,17,1,177.23
1011,320,29,3,266.73
1012,320,49,1,102.17
1013,320,37,3,307.61
1014,321,27,3,336.61
1015,321,21,1,160.08
1016,321,17,2,40.07
1017,321,29,3,309.35
1018,322,16,1,288.87
1019,322,31,3,150.01
1020,322,22,2,166.05
1021,322,15,2,273.92
1022,322,14,1,135.95
1023,323,27,2,187.99
1024,323,44,2,36.05
1025,323,18,1,380.44
1026,323,50,2,125.74
1027,324,34,2,256.84
1028,325,37,3,75.98
1029,325,26,2,136.66
1030,325,5,1,173.6
1031,325,10,1,436.75
1032,326,37,2,158.48
1033,326,35,2,260.85
1034,327,36,2,445.6
1035,327,34,1,400.23
1036,327,50,3,375.02
1037,327,13,3,137.61
1038,328,33,3,120.25
1039,328,1,1,381.09
1040,329,19,3,104.05
1041,329,32,1,371.16
1042,329,6,2,7.56
1043,329,21,1,425.83
1044,329,24,1,82.32
1045,330,11,1,166.67
1046,331,27,2,74.15
1047,331,46,1,498.28
1048,331,8,1,481.84
1049,331,21,1,410.74
1050,331,44,3,176.94
1051,332,28,3,104.87
1052,332,27,3,105.95
1053,333,14,3,247.54
1054,333,34,1,83.24
1055,333,6,2,124.99
1056,333,33,3,184.78
1057,334,16,2,248.87
1058,334,50,2,17.42
1059,334,30,2,275.98
1060,335,13,3,444.35
1061,335,5,3,203.23
1062,336,36,2,62.59
1063,336,37,1,202.22
1064,336,28,1,46.96
1065,337,33,3,286.43
1066,337,39,1,240.29
1067,337,11,3,177.86
1068,337,24,2,461.4
1069,338,14,1,251.14
1070,338,44,2,372.44
1071,338,46,1,202.99
1072,338,9,2,383.49
1073,339,21,2,470.12
1074,339,7,3,57.88
1075,340,39,1,37.39
1076,340,41,3,449.57
1077,341,34,3,401.2
1078,342,18,2,470.1
1079,342,27,2,345.84
1080,342,14,3,178.73
1081,342,29,2,95.15
1082,342,20,2,278.29
1083,343,25,2,39.3
1084,344,3,3,315.66
1085,344,18,1,419.7
1086,344,14,3,463.96
1087,345,18,2,316.59
1088,345,26,2,252.45
1089,345,14,3,471.5
1090,346,44,1,157.75
1091,346,3,1,275.7
1092,347,16,3,38.83
1093,347,18,1,311.5
1094,347,45,2,144.17
1095,348,32,1,432.02
1096,348,4,1,20.12
1097,348,28,1,175.53
1098,348,20,2,430.27
1099,349,22,3,368.81
1100,350,16,3,108.01
1101,350,18,1,156.09
1102,351,46,1,466.98
1103,351,3,2,325.33
1104,351,21,2,237.08
1105,352,26,2,230.46
1106,352,19,2,471.28
1107,352,5,1,337.57
1108,352,4,2,50.35
1109,352,9,1,123.17
1110,353,42,1,214.6
1111,353,25,1,379.73
1112,353,14,3,232.21
1113,354,4,3,155.74
1114,354,42,1,254.45
1115,354,23,2,72.58
1116,354,45,1,54.64
1117,354,30,3,248.48
1118,355,1,1,338.51
1119,356,50,2,350.21
1120,356,27,2,178.15
1121,356,35,2,161.31
1122,356,7,2,35.27
1123,357,38,3,23.44
1124,357,20,3,232.39
1125,358,22,3,431.94
1126,359,21,1,255.26
1127,359,30,1,135.48
1128,359,19,2,345.91
1129,360,7,2,303.37
1130,360,1,2,348.12
1131,360,2,2,45.19
1132,360,14,2,452.82
1133,361,46,1,198.57
1134,361,41,3,427.41
1135,361,38,1,236.81
1136,362,43,1,173.95
1137,362,11,3,352.64
1138,363,47,3,294.95
1139,364,17,1,90.71
1140,365,20,3,152.93
1141,365,33,2,131.93
1142,365,37,2,255.47
1143,365,43,2,179.27
1144,366,26,2,174.85
1145,366,8,2,244.32
1146,366,4,1,390.47
1147,366,36,3,361.1
1148,367,14,1,311.61
1149,367,36,1,163.18
1150,368,13,3,249.38
1151,368,22,1,107.55
1152,368,25,3,183.55
1153,369,48,1,40.44
1154,369,21,3,153.66
1155,369,13,1,37.89
1156,369,41,2,427.5
1157,369,8,2,371.24
1158,370,16,1,40.33
1159,370,40,2,74.11
1160,370,49,3,131.58
1161,370,11,3,312.72
1162,371,20,3,74.72
1163,371,41,1,383.77
1164,371,33,1,348.38
1165,371,18,1,355.91
1166,372,27,2,274.36
1167,372,19,1,15.23
1168,372,3,1,136.74
1169,372,25,3,332.45
1170,373,47,2,77.11
1171,373,10,2,27.34
1172,374,37,2,390.3
1173,374,17,3,77.13
1174,374,15,1,318.95
1175,374,49,1,400.45
1176,374,3,2,425.0
1177,375,40,1,322.43
1178,375,30,2,427.0
1179,376,8,1,56.67
1180,376,16,1,112.53
1181,376,39,3,75.3
1182,376,11,3,358.63
1183,377,15,2,334.77
1184,378,39,2,258.09
1185,378,30,2,477.99
1186,378,38,3,318.17
1187,378,25,1,138.84
1188,378,15,1,493.96
1189,379,15,1,328.73
1190,379,17,2,122.88
1191,379,11,3,48.72
1192,380,42,3,158.84
1193,380,50,2,306.05
1194,381,47,3,80.72
1195,382,41,1,446.8
1196,382,22,2,206.23
1197,382,5,2,64.34
1198,382,2,3,140.39
1199,383,25,3,57.12
1200,383,26,3,314.31
1201,383,37,1,32.33
1202,384,2,2,61.69
1203,385,30,1,13.68
1204,385,4,1,135.25
1205,385,31,1,421.49
1206,386,12,1,175.26
1207,386,39,1,84.71
1208,386,2,2,44.8
1209,386,1,1,386.91
1210,387,26,1,39.95
1211,387,31,3,346.12
1212,387,8,2,180.1
1213,388,42,1,163.39
1214,388,46,3,99.05
1215,388,49,3,31.74
1216,389,29,1,20.79
1217,389,36,1,406.63
1218,389,41,3,414.21
1219,390,42,2,413.09
1220,391,45,3,152.37
1221,391,50,1,198.53
1222,391,17,2,178.69
1223,391,47,3,112.2
1224,392,14,2,264.74
1225,393,42,3,201.53
1226,393,19,3,249.71
1227,393,38,3,271.29
1228,394,17,1,21.25
1229,395,50,2,355.7
1230,396,22,1,215.24
1231,396,25,1,441.6
1232,396,17,1,438.54
1233,396,6,2,290.95
1234,397,10,1,449.14
1235,397,34,1,134.45
1236,397,46,2,76.69
1237,398,35,2,357.35
1238,399,38,1,406.05
1239,399,24,3,53.59
1240,400,45,1,210.09
1241,400,17,3,172.53
1242,400,3,1,97.83
1243,400,36,3,211.87
1244,401,30,1,151.86
1245,402,4,3,193.38
1246,402,31,2,168.45
1247,402,12,3,159.9
1248,403,50,1,443.16
1249,403,46,1,388.42
1250,403,2,2,70.36
1251,403,1,2,447.21
1252,404,16,2,269.76
1253,404,18,3,470.78
1254,404,37,2,215.31
1255,404,9,2,202.8
1256,405,24,1,47.11
1257,405,16,2,342.7
1258,406,24,2,274.69
1259,406,20,2,7.59
1260,406,2,1,62.74
1261,406,14,2,380.7
1262,406,35,1,336.6
1263,407,49,1,390.06
1264,407,21,2,84.13
1265,407,32,1,113.15
1266,408,48,1,330.99
1267,408,46,1,446.13
1268,409,42,2,68.12
1269,409,5,3,433.58
1270,409,49,3,244.12
1271,409,13,2,340.37
1272,410,30,2,55.13
1273,410,10,3,96.65
1274,411,32,2,293.19
1275,411,6,2,214.3
1276,411,34,3,133.1
1277,411,12,3,453.47
1278,411,24,3,217.98
1279,412,39,2,155.62
1280,412,3,3,426.2
1281,412,38,1,177.24
1282,413,17,3,60.88
1283,413,41,1,398.45
1284,414,4,2,219.27
1285,414,29,3,312.38
1286,414,16,2,372.28
1287,414,11,3,398.97
1288,415,4,3,15.54
1289,416,45,1,211.99
1290,416,29,1,29.75
1291,416,20,2,279.17
1292,416,11,2,176.2
1293,416,4,1,37.51
1294,417,18,1,297.5
1295,417,14,1,336.78
1296,417,49,3,495.65
1297,417,25,3,114.13
1298,418,10,3,484.84
1299,419,38,3,63.64
1300,419,5,3,218.28
1301,419,10,1,255.04
1302,420,29,3,363.18
1303,421,46,2,183.01
1304,421,17,1,167.15
1305,421,4,3,51.09
1306,421,32,2,250.79
1307,422,43,3,248.64
1308,422,1,1,267.18
1309,422,27,3,332.38
1310,422,31,1,141.25
1311,422,34,2,42.02
1312,423,11,2,386.93
1313,424,14,1,164.22
1314,424,29,2,99.5
1315,425,34,1,83.64
1316,425,31,2,157.85
1317,425,21,3,448.61
1318,426,17,1,424.96
1319,426,49,2,307.28
1320,426,9,3,116.78
1321,427,6,2,254.45
1322,427,35,2,155.9
1323,427,3,3,492.22
1324,428,10,2,479.06
1325,428,7,3,175.09
1326,429,15,2,153.41
1327,430,22,1,486.84
1328,430,2,3,354.79
1329,430,11,2,117.66
1330,430,15,1,83.74
1331,431,11,1,429.24
1332,431,9,1,343.9
1333,431,20,3,248.74
1334,431,38,2,498.53
1335,431,31,1,27.29
1336,432,39,1,199.97
1337,432,29,1,248.88
1338,432,15,2,408.49
1339,432,18,2,309.62
1340,433,12,3,352.15
1341,433,16,1,495.85
1342,434,6,3,313.85
1343,434,15,1,330.81
1344,434,41,1,153.38
1345,435,45,3,257.13
1346,435,19,1,378.23
1347,435,33,2,448.46
1348,436,28,1,160.31
1349,436,37,2,384.32
1350,436,35,1,106.06
1351,436,43,2,444.6
1352,436,41,2,126.26
1353,437,18,3,498.57
1354,437,42,3,210.31
1355,437,50,2,404.99
1356,437,33,1,115.13
1357,437,9,2,430.38
1358,438,3,3,71.54
1359,439,7,1,461.42
1360,439,4,2,417.68
1361,439,22,1,420.88
1362,439,3,2,135.71
1363,439,33,3,278.49
1364,440,16,3,55.99
1365,440,5,2,168.99
1366,440,11,3,19.91
1367,440,41,1,220.37
1368,441,31,2,104.99
1369,441,10,3,325.41
1370,442,5,2,131.76
1371,442,48,1,362.2
1372,442,47,2,39.87
1373,442,43,3,135.81
1374,442,37,1,39.56
1375,443,29,2,57.71
1376,443,35,3,232.07
1377,443,21,1,409.83
1378,443,5,3,80.29
1379,444,28,2,185.22
1380,444,44,3,212.77
1381,444,6,1,44.69
1382,444,42,3,12.17
1383,444,32,2,253.68
1384,445,37,1,421.45
1385,445,46,2,37.05
1386,446,41,3,331.48
1387,447,36,3,244.94
1388,447,14,2,186.42
1389,447,16,2,288.31
1390,447,3,1,143.81
1391,448,8,1,5.12
1392,448,3,2,358.63
1393,449,18,3,70.73
1394,450,41,2,389.98
1395,451,36,2,363.41
1396,451,6,3,132.1
1397,451,18,3,329.65
1398,451,9,3,48.09
1399,451,24,2,68.48
1400,452,44,2,287.89
1401,452,50,2,489.97
1402,452,31,2,406.5
1403,452,30,3,61.85
1404,452,8,1,165.18
1405,453,16,2,328.56
1406,453,17,1,467.91
1407,453,29,2,442.59
1408,454,13,2,337.6
1409,454,29,3,77.87
1410,454,50,2,331.07
1411,454,28,2,403.62
1412,454,6,1,17.91
1413,455,21,1,96.83
1414,455,32,2,330.83
1415,455,34,2,99.68
1416,456,27,3,268.38
1417,456,20,2,474.84
1418,456,24,2,252.41
1419,456,3,2,234.82
1420,457,5,1,339.21
1421,457,9,2,61.03
1422,457,10,3,65.38
1423,458,28,3,108.43
1424,459,47,1,365.0
1425,459,10,2,5.05
1426,459,14,3,225.49
1427,459,43,2,334.44
1428,459,13,3,289.61
1429,460,37,3,302.02
1430,460,6,2,459.22
1431,460,38,1,474.19
1432,460,27,3,271.58
1433,460,16,3,254.26
1434,461,46,2,479.11
1435,461,34,3,261.98
1436,461,20,3,341.68
1437,462,13,3,320.12
1438,462,29,3,482.02
1439,462,38,2,410.0
1440,462,49,1,174.57
1441,463,37,3,329.24
1442,463,9,2,243.69
1443,463,16,3,329.17
1444,464,14,2,411.74
1445,464,31,2,211.57
1446,464,24,3,158.95
1447,465,50,3,362.05
1448,465,1,3,57.74
1449,465,39,3,425.78
1450,465,32,3,24.98
1451,465,48,3,487.62
1452,466,20,1,352.33
1453,467,37,1,84.18
1454,467,30,2,8.44
1455,467,40,1,214.69
1456,468,11,1,237.8
1457,468,29,1,405.92
1458,468,49,3,362.7
1459,469,22,2,366.31
1460,469,35,3,439.82
1461,469,48,2,178.34
1462,470,46,1,142.18
1463,470,19,1,368.4
1464,470,35,3,430.38
1465,471,18,3,335.84
1466,471,21,3,100.15
1467,471,6,2,188.02
1468,471,40,2,474.48
1469,471,24,2,237.87
1470,472,23,1,90.02
1471,473,35,1,369.25
1472,474,34,1,141.72
1473,474,5,3,31.09
1474,474,18,2,65.6
1475,475,6,2,448.46
1476,476,43,1,339.86
1477,476,50,2,5.37
1478,476,24,1,229.53
1479,477,40,3,206.25
1480,478,7,3,228.06
1481,478,40,1,421.86
1482,478,23,1,416.65
1483,478,35,2,99.74
1484,479,34,2,343.19
1485,479,46,2,187.47
1486,479,3,2,22.18
1487,479,4,1,68.23
1488,479,25,2,289.78
1489,480,17,1,202.83
1490,481,11,3,235.16
1491,481,33,3,247.45
1492,481,1,3,346.04
1493,481,9,3,265.16
1494,482,3,2,103.89
1495,482,4,2,33.62
1496,482,6,2,411.15
1497,482,29,3,50.44
1498,482,19,3,41.9
1499,483,48,2,188.12
1500,483,25,2,307.95
1501,483,50,1,174.39
1502,483,15,2,123.93
1503,484,18,2,311.28
1504,484,1,3,111.77
1505,484,46,1,310.15
1506,484,44,3,408.36
1507,485,2,1,298.21
1508,485,28,3,63.47
1509,485,29,3,366.49
1510,485,34,1,408.94
1511,486,31,1,319.61
1512,487,13,3,450.98
1513,487,46,2,251.12
1514,488,1,2,357.93
1515,488,8,2,420.72
1516,489,46,1,52.51
1517,489,13,3,96.13
1518,490,15,3,58.16
1519,491,9,1,251.54
1520,491,39,2,426.89
1521,491,43,1,390.72
1522,491,35,2,435.22
1523,491,21,1,347.55
1524,492,31,2,101.04
1525,492,39,3,95.94
1526,492,2,1,84.68
1527,492,27,2,463.04
1528,492,16,1,408.48
1529,493,41,2,164.63
1530,493,24,2,63.91
1531,493,18,2,476.25
1532,494,1,1,267.34
1533,494,36,1,121.82
1534,495,24,1,198.43
1535,496,38,1,60.59
1536,496,41,2,257.45
1537,496,48,1,472.11
1538,497,38,1,155.38
1539,498,28,3,95.81
1540,498,41,1,200.23
1541,498,48,2,147.99
1542,499,1,3,286.0
1543,499,11,1,187.76
1544,500,14,3,458.28
1545,500,38,2,138.64
1546,501,46,3,231.42
1547,501,10,3,155.64
1548,501,25,2,216.46
1549,501,47,2,383.32
1550,501,35,3,107.88
1551,502,48,3,118.01
1552,502,35,3,485.52
1553,502,26,3,15.18
1554,502,49,3,258.46
1555,502,36,1,270.69
1556,503,49,1,457.41
1557,503,7,2,106.4
1558,504,10,3,43.84
1559,504,33,1,290.87
1560,505,6,2,292.37
1561,506,37,1,180.0
1562,506,39,2,177.3
1563,507,10,3,63.31
1564,507,38,1,148.34
1565,507,33,2,27.39
1566,507,49,3,347.21
1567,508,13,1,260.14
1568,508,17,1,109.35
1569,508,24,1,470.42
1570,508,19,1,330.51
1571,509,45,2,120.27
1572,509,32,2,218.75
1573,509,49,3,480.9
1574,509,44,1,312.16
1575,509,8,2,151.25
1576,510,50,2,412.34
1577,511,21,2,436.02
1578,511,23,1,403.6
1579,511,40,2,333.04
1580,511,33,1,492.41
1581,511,11,2,312.6
1582,512,6,3,456.69
1583,513,40,1,203.25
1584,514,5,2,420.91
1585,514,10,1,220.71
1586,514,41,3,449.98
1587,514,37,3,63.08
1588,515,11,2,233.48
1589,515,40,2,262.7
1590,515,16,3,173.7
1591,516,25,3,479.44
1592,516,7,1,388.72
1593,516,40,1,356.28
1594,517,3,3,141.34
1595,518,17,1,319.4
1596,518,6,1,61.48
1597,519,6,3,20.45
1598,519,4,3,210.55
1599,519,30,3,265.63
1600,519,50,2,355.32
1601,519,21,1,192.27
1602,520,28,1,11.68
1603,520,10,1,425.18
1604,520,49,1,81.15
1605,520,14,2,10.03
1606,520,32,1,122.12
1607,521,34,1,452.87
1608,521,27,2,11.16
1609,521,11,3,179.08
1610,522,32,3,156.21
1611,522,15,3,33.85
1612,522,38,2,284.95
1613,522,31,1,260.23
1614,522,36,2,419.12
1615,523,24,2,253.7
1616,524,36,2,298.05
1617,525,3,3,259.3
1618,525,41,2,484.16
1619,525,11,2,94.63
1620,525,10,1,378.49
1621,525,33,1,373.44
1622,526,29,3,255.1
1623,526,14,2,27.73
1624,526,34,2,25.16
1625,526,3,3,267.99
1626,527,21,3,88.59
1627,528,14,3,44.26
1628,528,8,1,258.62
1629,528,13,3,408.88
1630,529,4,1,421.21
1631,529,25,1,122.28
1632,530,39,1,106.12
1633,530,21,1,283.28
1634,530,3,3,400.79
1635,530,11,3,206.7
1636,531,15,3,222.93
1637,531,18,1,70.33
1638,532,15,2,98.5
1639,532,45,2,155.36
1640,533,28,2,441.08
1641,534,13,2,172.56
1642,534,5,3,116.3
1643,534,37,3,431.24
1644,534,25,1,420.56
1645,534,42,3,268.19
1646,535,29,1,117.83
1647,536,45,2,215.62
1648,536,30,1,247.85
1649,536,5,2,140.2
1650,536,9,3,208.98
1651,536,21,1,192.09
1652,537,11,3,275.42
1653,538,49,2,358.97
1654,539,43,3,110.1
1655,539,16,2,345.07
1656,540,25,1,348.82
1657,540,28,2,141.86
1658,540,2,2,167.95
1659,540,30,3,162.66
1660,540,7,1,248.0
1661,541,18,1,481.88
1662,541,42,2,298.47
1663,541,15,3,407.98
1664,541,3,2,375.12
1665,541,21,2,41.05
1666,542,3,3,188.21
1667,542,40,3,206.69
1668,542,48,1,230.23
1669,543,45,2,211.12
1670,543,4,2,175.42
1671,544,6,3,462.44
1672,544,43,1,102.26
1673,545,30,1,318.43
1674,545,47,3,259.86
1675,545,42,3,69.57
1676,545,18,3,495.03
1677,545,44,3,425.17
1678,546,20,2,459.12
1679,547,21,2,8.47
1680,547,33,1,118.13
1681,547,48,2,486.54
1682,547,27,1,467.6
1683,547,1,2,160.4
1684,548,48,3,198.65
1685,548,27,3,487.33
1686,548,37,1,223.5
1687,548,25,3,390.83
1688,548,44,2,171.2
1689,549,44,2,274.48
1690,549,6,2,354.02
1691,549,40,1,217.4
1692,549,20,2,417.99
1693,549,28,1,79.27
1694,550,30,2,383.16
1695,550,28,2,194.96
1696,550,18,1,43.45
1697,550,43,1,448.73
1698,551,6,2,48.63
1699,551,39,2,396.34
1700,551,34,2,445.05
1701,552,17,3,128.53
1702,552,27,3,313.14
1703,553,20,1,140.52
1704,553,34,3,92.12
1705,553,39,1,480.32
1706,554,45,3,51.5
1707,554,19,1,131.3
1708,555,25,1,54.0
1709,555,8,2,80.49
1710,556,41,3,382.67
1711,557,25,3,142.85
1712,557,28,1,98.94
1713,557,9,1,466.55
1714,558,46,3,487.38
1715,558,19,3,413.63
1716,558,33,3,209.99
1717,558,15,1,43.69
1718,559,1,3,240.79
1719,560,4,1,108.65
1720,561,33,2,104.9
1721,561,20,1,269.75
1722,562,41,2,347.55
1723,562,6,1,111.38
1724,563,36,1,24.51
1725,563,3,1,369.58
1726,563,50,3,398.11
1727,563,42,3,28.14
1728,564,23,1,248.37
1729,564,5,1,462.29
1730,564,14,1,236.26
1731,565,43,3,12.17
1732,565,30,2,265.4
1733,566,35,2,221.32
1734,566,45,3,248.43
1735,567,30,3,272.29
1736,567,21,3,134.52
1737,567,8,1,410.45
1738,567,4,3,367.27
1739,568,20,3,280.65
1740,568,50,2,393.38
1741,569,17,3,93.29
1742,569,22,1,64.3
1743,569,8,3,172.74
1744,570,37,3,407.68
1745,570,39,3,29.5
1746,570,40,1,57.02
1747,571,35,2,303.18
1748,572,10,3,43.1
1749,572,36,1,342.36
1750,573,14,1,7.07
1751,573,26,2,474.18
1752,573,23,1,173.6
1753,573,17,3,419.12
1754,574,36,3,314.67
1755,574,27,2,66.04
1756,574,49,1,60.7
1757,574,2,1,57.91
1758,574,38,2,116.81
1759,575,36,1,59.4
1760,576,14,1,454.8
1761,576,46,3,356.26
1762,576,38,3,390.91
1763,577,21,2,485.93
1764,577,49,2,315.36
1765,577,10,3,105.61
1766,577,31,3,173.29
1767,578,4,3,175.61
1768,578,37,1,30.69
1769,579,7,1,266.24
1770,579,36,2,150.06
1771,579,49,1,184.27
1772,579,3,3,177.34
1773,580,23,2,78.01
1774,580,16,2,12.86
1775,580,19,1,354.09
1776,580,37,1,78.33
1777,580,35,2,115.15
1778,581,27,1,67.82
1779,581,20,3,54.7
1780,581,35,3,127.35
1781,582,47,2,329.56
1782,582,40,2,477.82
1783,583,31,3,213.74
1784,583,44,2,185.44
1785,583,30,3,285.52
1786,583,10,3,190.42
1787,583,22,1,119.82
1788,584,23,2,272.37
1789,584,36,1,388.55
1790,584,38,1,119.08
1791,585,43,2,212.22
1792,585,32,3,480.14
1793,585,38,3,65.82
1794,586,37,3,67.55
1795,586,46,3,446.9
1796,586,30,2,84.15
1797,586,43,3,210.12
1798,586,16,3,481.3
1799,587,50,1,175.17
1800,587,13,1,37.63
1801,587,17,2,395.91
1802,587,8,3,487.19
1803,587,18,1,370.82
1804,588,45,2,49.14
1805,589,18,3,394.95
1806,589,45,3,330.55
1807,589,37,2,186.97
1808,589,27,2,402.92
1809,590,50,1,11.88
1810,590,15,1,292.89
1811,591,19,1,263.18
1812,591,16,1,85.38
1813,592,2,3,192.03
1814,592,47,2,123.27
1815,592,30,1,55.28
1816,593,35,3,387.09
1817,593,23,1,186.12
1818,593,21,1,293.49
1819,594,49,1,98.13
1820,594,14,2,203.56
1821,595,40,2,133.48
1822,595,15,2,327.49
1823,595,36,1,43.64
1824,595,20,2,309.11
1825,596,41,2,410.69
1826,596,48,1,8.44
1827,596,36,1,38.04
1828,596,12,3,67.56
1829,596,47,3,304.92
1830,597,25,3,83.48
1831,598,48,2,441.5
1832,598,22,3,174.91
1833,598,20,1,61.4
1834,598,7,3,381.51
1835,599,1,3,49.25
1836,599,2,1,383.87
1837,599,45,3,383.19
1838,600,21,2,222.24
1839,600,41,2,328.03
1840,600,26,3,139.17
1841,600,1,2,45.33
1842,600,29,2,243.2
1843,601,26,3,8.74
1844,601,36,3,107.52
1845,601,29,1,238.83
1846,601,33,2,281.34
1847,601,11,3,396.84
1848,602,8,3,354.84
1849,602,15,3,54.8
1850,602,42,3,153.17
1851,603,45,1,252.41
1852,603,26,1,348.78
1853,604,9,1,37.32
1854,604,11,1,454.45
1855,605,44,1,51.6
1856,605,9,1,343.69
1857,606,18,1,458.42
1858,607,8,2,295.89
1859,607,30,2,361.55
1860,608,16,3,258.84
1861,608,5,3,450.24
1862,608,25,1,131.26
1863,609,12,3,31.64
1864,609,50,1,491.04
1865,609,32,2,152.5
1866,609,37,1,348.71
1867,609,24,3,351.45
1868,610,9,1,472.77
1869,611,4,3,494.29
1870,611,19,3,401.17
1871,612,25,3,114.46
1872,612,3,1,42.93
1873,612,9,2,102.14
1874,612,32,1,392.4
1875,612,2,1,455.29
1876,613,17,3,246.8
1877,614,48,3,84.39
1878,614,42,2,315.25
1879,615,47,3,351.94
1880,615,10,1,259.9
1881,615,46,2,129.63
1882,615,42,3,190.26
1883,615,20,2,215.2
1884,616,14,2,67.19
1885,616,1,2,288.18
1886,616,40,3,33.69
1887,617,35,1,493.68
1888,617,16,2,446.84
1889,618,43,1,95.41
1890,618,26,2,315.88
1891,618,21,2,420.34
1892,618,31,1,37.85
1893,619,11,3,437.03
1894,620,38,3,324.97
1895,620,1,1,232.94
1896,621,38,1,159.71
1897,621,16,3,282.23
1898,622,24,3,100.85
1899,622,38,3,435.55
1900,622,15,3,221.18
1901,623,32,2,189.01
1902,623,14,3,427.02
1903,623,8,2,278.83
1904,623,27,3,368.53
1905,624,8,1,99.68
1906,624,45,1,361.67
1907,624,28,3,90.32
1908,624,17,3,374.42
1909,624,10,1,125.18
1910,625,22,2,330.89
1911,625,3,2,338.29
1912,625,36,3,486.84
1913,626,6,1,358.65
1914,626,34,1,382.28
1915,626,37,3,180.98
1916,626,35,2,399.17
1917,626,41,1,202.86
1918,627,37,1,209.91
1919,627,40,3,363.84
1920,627,16,3,288.54
1921,628,20,3,8.97
1922,628,22,1,55.97
1923,628,29,3,391.64
1924,628,12,1,46.82
1925,628,15,3,96.05
1926,629,9,1,200.32
1927,629,49,2,472.92
1928,629,20,2,271.97
1929,629,33,1,82.51
1930,630,39,2,363.67
1931,630,40,2,254.01
1932,630,3,3,340.4
1933,631,46,2,376.28
1934,631,6,3,254.24
1935,632,47,2,310.08
1936,632,30,3,151.34
1937,632,50,3,130.88
1938,632,7,3,96.89
1939,633,12,2,405.56
1940,633,15,3,51.49
1941,633,17,3,98.05
1942,633,38,1,47.93
1943,633,47,1,388.46
1944,634,14,2,135.85
1945,634,45,1,207.22
1946,634,12,1,170.9
1947,634,37,2,103.96
1948,635,31,1,230.3
1949,635,42,1,168.08
1950,635,26,1,393.61
1951,635,43,2,444.67
1952,636,37,1,229.65
1953,636,2,3,270.17
1954,637,36,2,94.39
1955,637,38,2,242.02
1956,637,37,2,338.01
1957,638,14,1,373.78
1958,638,13,1,419.61
1959,638,27,3,447.6
1960,638,29,1,340.51
1961,639,31,3,445.76
1962,639,1,2,92.57
1963,639,40,2,418.23
1964,639,37,2,353.35
1965,639,17,3,339.89
1966,640,15,2,7.89
1967,640,36,3,60.82
1968,640,6,2,272.83
1969,641,50,1,454.39
1970,641,12,2,83.24
1971,641,41,1,233.88
1972,641,11,3,24.71
1973,641,48,3,196.28
1974,642,20,1,5.58
1975,642,9,3,214.47
1976,642,10,1,372.61
1977,642,42,2,402.76
1978,643,7,1,376.44
1979,643,8,1,249.76
1980,643,11,3,450.67
1981,643,10,2,338.93
1982,644,11,2,166.22
1983,644,32,1,238.29
1984,645,14,3,455.71
1985,645,24,1,197.9
1986,645,25,3,87.38
1987,645,37,1,450.43
1988,646,28,3,130.3
1989,646,40,3,86.42
1990,646,26,1,271.07
1991,646,13,3,311.23
1992,647,34,3,335.63
1993,648,42,1,294.82
1994,648,29,3,162.07
1995,648,39,1,222.27
1996,648,16,2,300.71
1997,648,17,2,297.99
1998,649,45,1,373.51
1999,649,22,3,154.41
2000,649,35,3,407.27
2001,649,33,3,439.27
2002,650,9,1,11.27
2003,650,40,2,16.48
2004,651,41,2,373.47
2005,651,39,2,412.85
2006,651,24,3,358.85
2007,652,50,1,480.91
2008,652,23,3,429.12
2009,652,29,2,356.19
2010,652,10,3,466.23
2011,652,5,1,400.03
2012,653,20,2,355.66
2013,653,26,3,169.68
2014,653,42,3,350.62
2015,654,40,1,185.19
2016,654,9,2,479.98
2017,655,2,3,160.13
2018,656,2,3,347.49
2019,656,23,2,274.33
2020,656,1,3,466.24
2021,657,1,3,27.92
2022,657,48,1,25.85
2023,657,39,2,430.77
2024,657,27,1,456.22
2025,658,49,3,433.06
2026,658,33,2,354.42
2027,658,9,2,445.94
2028,658,25,2,400.19
2029,659,31,3,241.94
2030,659,6,3,58.07
2031,660,13,3,43.67
2032,661,5,2,164.38
2033,661,48,3,315.42
2034,661,28,2,214.31
2035,661,17,2,131.2
2036,661,9,2,220.02
2037,662,27,1,347.72
2038,662,5,3,111.63
2039,662,50,1,68.18
2040,662,9,3,197.64
2041,662,31,1,421.1
2042,663,6,3,341.81
2043,663,32,3,176.83
2044,663,38,3,233.07
2045,664,23,1,111.42
2046,664,1,3,211.5
2047,665,44,3,28.78
2048,665,6,2,65.04
2049,665,25,3,403.27
2050,665,11,2,330.65
2051,666,17,3,20.29
2052,666,49,1,143.21
2053,666,37,2,304.92
2054,666,45,3,330.12
2055,667,32,3,82.17
2056,667,3,3,135.98
2057,667,40,1,301.47
2058,667,35,1,123.48
2059,668,31,3,460.25
2060,668,44,3,86.78
2061,668,11,3,8.93
2062,668,2,1,380.3
2063,669,1,1,222.99
2064,670,28,1,449.23
2065,670,11,2,289.97
2066,670,19,1,455.58
2067,670,1,1,96.78
2068,671,41,2,306.84
2069,671,21,1,38.2
2070,671,5,1,112.53
2071,672,4,3,116.5
2072,672,50,3,136.41
2073,673,22,2,33.84
2074,674,5,2,298.21
2075,674,11,2,197.61
2076,674,37,1,92.87
2077,675,19,2,353.21
2078,675,14,3,452.91
2079,675,37,1,18.42
2080,676,22,3,252.73
2081,676,34,2,267.15
2082,677,48,3,189.03
2083,677,19,1,12.23
2084,677,13,3,114.18
2085,677,47,2,140.93
2086,678,32,2,152.81
2087,678,13,3,15.73
2088,678,5,1,256.48
2089,678,28,2,394.7
2090,679,18,3,247.95
2091,679,37,2,498.29
2092,679,35,2,28.52
2093,680,25,1,36.52
2094,680,3,3,350.78
2095,680,39,1,208.0
2096,680,32,2,232.08
2097,681,43,1,202.9
2098,681,23,3,361.08
2099,681,10,3,446.38
2100,681,27,3,31.87
2101,681,2,2,149.41
2102,682,34,1,134.76
2103,682,8,3,342.27
2104,682,28,2,423.0
2105,682,29,2,389.58
2106,682,40,3,183.98
2107,683,44,1,391.06
2108,683,22,3,99.07
2109,683,46,2,422.05
2110,683,9,2,187.36
2111,684,49,3,494.48
2112,685,30,1,45.31
2113,685,48,2,390.34
2114,685,8,1,382.9
2115,685,13,1,387.56
2116,686,25,1,304.1
2117,686,10,1,445.44
2118,686,43,3,251.68
2119,687,18,1,175.69
2120,687,6,2,367.95
2121,687,10,1,248.83
2122,687,33,1,217.24
2123,688,36,1,174.79
2124,688,34,2,161.9
2125,689,14,3,44.5
2126,689,23,3,66.96
2127,689,42,2,298.46
2128,689,38,1,31.22
2129,690,4,1,182.42
2130,690,42,1,440.87
2131,690,8,1,388.18
2132,690,28,3,258.24
2133,690,34,3,215.29
2134,691,9,3,386.61
2135,692,30,3,425.08
2136,692,6,2,407.84
2137,692,24,3,271.27
2138,693,7,2,241.34
2139,693,15,2,322.87
2140,693,50,3,192.73
2141,693,1,3,217.9
2142,693,20,2,472.15
2143,694,21,1,226.89
2144,694,29,1,389.96
2145,694,42,2,211.57
2146,694,31,2,384.07
2147,695,22,1,156.44
2148,696,16,1,288.32
2149,696,2,3,184.49
2150,696,44,1,88.41
2151,697,29,2,216.95
2152,697,31,3,167.37
2153,697,50,2,490.8
2154,698,38,1,395.63
2155,698,9,1,240.8
2156,698,4,2,306.86
2157,698,7,2,180.05
2158,698,35,3,244.17
2159,699,11,2,474.56
2160,699,46,3,326.98
2161,699,23,2,26.04
2162,699,15,2,64.46
2163,700,23,1,43.92
2164,700,1,1,91.63
2165,700,42,3,393.2
2166,700,28,3,440.11
2167,700,19,1,445.75
2168,701,23,1,192.31
2169,701,21,1,277.95
2170,701,26,3,283.87
2171,701,42,1,297.01
2172,702,1,2,207.12
2173,702,7,2,206.88
2174,702,47,1,83.09
2175,702,30,2,104.22
2176,703,32,3,133.69
2177,703,29,2,436.61
2178,703,37,3,65.89
2179,703,48,1,63.69
2180,703,3,3,293.54
2181,704,32,1,405.25
2182,704,22,1,188.78
2183,705,34,1,117.07
2184,705,13,1,491.7
2185,705,8,1,391.35
2186,706,13,2,219.1
2187,706,9,2,333.13
2188,707,37,1,375.19
2189,707,11,2,466.41
2190,707,38,2,350.89
2191,707,39,1,112.07
2192,708,19,3,173.97
2193,708,7,3,402.64
2194,708,41,1,350.16
2195,708,45,3,56.44
2196,708,15,1,245.09
2197,709,6,2,176.66
2198,710,35,2,113.35
2199,711,43,2,432.62
2200,711,49,1,436.02
2201,712,13,2,312.81
2202,712,1,3,231.4
2203,712,10,3,430.84
2204,713,47,3,296.96
2205,714,27,2,39.57
2206,714,34,1,247.12
2207,715,41,2,491.34
2208,715,1,1,102.94
2209,715,4,1,93.1
2210,715,3,1,259.67
2211,715,14,1,30.39
2212,716,7,1,147.15
2213,716,15,1,343.54
2214,716,23,1,266.0
2215,717,48,3,449.45
2216,717,6,3,394.6
2217,718,42,2,383.37
2218,718,7,3,310.3
2219,718,25,3,440.03
2220,718,44,2,163.1
2221,719,39,2,92.39
2222,719,24,1,18.78
2223,719,4,3,38.46
2224,719,26,3,351.61
2225,719,50,1,407.63
2226,720,35,1,206.23
2227,720,42,2,185.15
2228,720,20,1,464.73
2229,720,18,1,215.31
2230,721,30,3,60.73
2231,721,42,1,330.28
2232,721,43,3,388.54
2233,721,25,1,152.3
2234,721,28,3,342.93
2235,722,7,2,297.14
2236,722,12,2,242.7
2237,722,23,2,197.41
2238,722,36,3,425.21
2239,722,30,1,233.0
2240,723,32,3,261.46
2241,724,2,2,151.62
2242,724,19,1,80.41
2243,724,36,2,490.69
2244,725,1,1,456.58
2245,725,43,1,70.39
2246,726,27,3,132.3
2247,727,18,3,446.59
2248,727,11,2,410.83
2249,727,41,2,383.28
2250,728,1,2,161.2
2251,728,43,1,219.03
2252,728,16,2,220.93
2253,728,4,3,399.59
2254,729,40,1,235.01
2255,729,9,3,211.79
2256,730,41,3,86.78
2257,730,33,1,34.68
2258,730,46,3,45.12
2259,730,25,3,221.21
2260,730,10,2,470.56
2261,731,23,3,351.2
2262,731,50,3,261.84
2263,731,14,2,270.21
2264,731,30,3,21.12
2265,731,5,3,439.65
2266,732,31,1,286.61
2267,732,46,3,129.69
2268,733,45,2,452.03
2269,734,28,1,491.77
2270,734,50,3,277.87
2271,734,27,3,416.25
2272,734,24,2,73.14
2273,734,6,2,410.0
2274,735,20,2,228.73
2275,735,43,3,8.85
2276,736,2,3,76.68
2277,737,28,2,55.61
2278,737,35,2,474.18
2279,737,40,1,334.01
2280,737,27,2,258.53
2281,737,43,2,78.17
2282,738,23,3,377.75
2283,738,14,3,481.76
2284,738,27,2,401.25
2285,738,26,2,136.5
2286,739,19,1,300.81
2287,739,21,1,349.34
2288,739,29,1,283.99
2289,740,26,2,204.74
2290,741,44,1,256.86
2291,742,24,2,295.98
2292,743,34,3,245.01
2293,743,15,1,325.64
2294,743,12,3,30.39
2295,743,28,3,289.79
2296,743,2,3,42.76
2297,744,27,2,41.48
2298,744,45,1,51.55
2299,744,19,1,198.84
2300,745,10,2,485.41
2301,745,49,1,243.24
2302,745,47,2,405.69
2303,745,13,2,196.4
2304,745,1,3,193.22
2305,746,26,1,163.72
2306,746,14,1,66.9
2307,746,12,1,8.92
2308,747,41,2,484.11
2309,747,45,3,311.61
2310,747,34,1,134.78
2311,748,5,2,144.83
2312,748,41,2,131.11
2313,749,12,2,69.49
2314,749,3,2,498.68
2315,749,32,1,476.91
2316,749,22,1,184.83
2317,749,28,1,485.87
2318,750,49,1,238.28
2319,751,21,2,75.11
2320,751,35,2,307.73
2321,751,43,3,62.76
2322,752,43,3,236.64
2323,752,12,1,424.34
2324,752,35,1,109.87
2325,752,9,2,285.34
2326,753,49,3,380.04
2327,753,14,3,379.9
2328,754,23,2,396.74
2329,754,33,2,122.1
2330,755,39,2,227.62
2331,756,39,1,85.1
2332,756,14,1,83.96
2333,756,11,2,191.51
2334,756,18,2,443.52
2335,757,16,1,410.44
2336,757,12,2,230.59
2337,757,38,2,107.38
2338,757,46,3,88.07
2339,758,20,2,219.8
2340,758,38,2,425.1
2341,758,41,2,105.65
2342,758,22,1,391.14
2343,759,37,2,14.11
2344,759,10,1,383.35
2345,759,6,3,131.74
2346,759,7,3,375.83
2347,760,34,3,265.52
2348,760,46,2,476.02
2349,760,10,2,325.13
2350,760,18,2,268.07
2351,760,50,1,130.42
2352,761,1,1,98.53
2353,761,18,2,350.15
2354,761,4,3,414.2
2355,762,2,3,282.08
2356,762,39,1,41.92
2357,763,32,2,442.19
2358,763,8,3,497.52
2359,763,1,3,470.47
2360,764,5,2,294.82
2361,764,22,1,164.13
2362,764,29,1,185.53
2363,764,50,1,497.37
2364,765,36,1,418.48
2365,765,46,2,391.2
2366,765,4,3,256.96
2367,766,48,1,172.9
2368,766,17,3,232.13
2369,767,29,2,75.7
2370,767,33,3,246.09
2371,768,26,3,175.47
2372,768,38,3,238.22
2373,769,50,1,101.81
2374,769,45,2,370.73
2375,769,26,2,176.0
2376,770,27,1,352.0
2377,770,5,2,166.27
2378,770,50,2,189.47
2379,770,4,2,117.42
2380,770,33,2,266.82
2381,771,16,2,139.2
2382,771,34,3,244.02
2383,771,9,2,276.6
2384,771,6,1,36.41
2385,771,1,3,86.29
2386,772,20,2,36.26
2387,773,29,3,442.33
2388,773,17,2,204.49
2389,773,8,2,101.71
2390,773,34,1,19.86
2391,773,30,3,397.22
2392,774,9,2,345.22
2393,774,3,1,106.09
2394,774,30,1,151.18
2395,774,10,1,449.18
2396,774,23,2,228.83
2397,775,26,1,144.53
2398,775,14,1,17.27
2399,776,40,3,257.62
2400,777,3,2,102.41
2401,777,36,2,151.61
2402,777,6,3,496.7
2403,777,37,2,474.69
2404,778,5,2,89.32
2405,779,1,1,269.81
2406,779,32,3,374.98
2407,779,3,1,375.48
2408,779,24,2,339.49
2409,780,24,3,127.73
2410,780,14,2,372.3
2411,780,5,3,107.15
2412,780,31,1,172.58
2413,780,36,1,253.77
2414,781,29,1,266.39
2415,781,21,2,418.58
2416,782,30,1,13.28
2417,782,8,3,76.85
2418,782,38,2,257.94
2419,783,46,3,383.83
2420,783,3,2,240.37
2421,784,10,2,141.91
2422,785,12,3,420.86
2423,785,29,2,56.7
2424,785,21,1,347.34
2425,785,41,1,168.26
2426,785,39,3,200.48
2427,786,6,2,246.75
2428,786,22,1,271.76
2429,786,8,2,493.9
2430,787,23,1,342.59
2431,787,9,1,40.88
2432,787,44,2,61.53
2433,787,41,2,348.23
2434,787,42,3,462.54
2435,788,19,2,280.35
2436,788,49,3,57.34
2437,789,20,1,232.34
2438,790,14,3,330.02
2439,790,31,1,389.4
2440,791,37,3,396.1
2441,791,24,2,415.83
2442,791,16,3,244.18
2443,792,24,2,191.04
2444,792,44,2,404.74
2445,792,2,3,371.9
2446,793,24,3,213.86
2447,794,33,3,123.38
2448,794,13,1,122.38
2449,794,30,3,137.18
2450,794,31,2,345.09
2451,795,18,2,312.38
2452,795,44,2,109.64
2453,795,48,1,216.78
2454,795,1,3,256.15
2455,796,9,3,35.62
2456,797,40,1,322.65
2457,797,30,3,120.48
2458,797,5,2,362.82
2459,798,16,2,102.47
2460,798,45,3,110.66
2461,798,30,3,312.0
2462,798,28,2,333.24
2463,798,22,2,376.22
2464,799,38,1,187.59
2465,800,37,3,364.25
2466,800,17,2,270.86
2467,800,9,2,299.97
2468,801,7,1,224.52
2469,801,24,1,231.61
2470,802,44,1,480.12
2471,802,28,2,252.45
2472,802,3,3,69.34
2473,802,36,1,32.05
2474,802,14,1,400.39
2475,803,23,3,299.1
2476,803,24,2,110.12
2477,804,47,2,132.13
2478,804,14,1,85.19
2479,804,44,3,234.81
2480,805,39,3,454.98
2481,805,24,3,59.0
2482,805,14,1,432.61
2483,805,30,3,103.49
2484,806,24,2,331.39
2485,807,4,2,137.61
2486,807,29,3,31.05
2487,807,31,1,157.11
2488,807,15,3,283.32
2489,808,39,1,253.85
2490,808,14,2,416.33
2491,808,6,3,95.08
2492,808,13,1,343.7
2493,809,14,1,394.12
2494,809,26,3,193.0
2495,809,43,2,128.49
2496,810,44,2,180.01
2497,810,19,1,136.32
2498,811,10,3,259.94
2499,811,46,2,97.01
2500,811,39,1,344.57
2501,811,25,3,361.1
2502,812,25,3,72.6
2503,813,22,1,274.34
2504,813,43,1,248.8
2505,813,32,2,296.97
2506,813,47,3,253.44
2507,814,7,2,153.96
2508,814,29,3,426.98
2509,814,42,3,425.58
2510,814,45,3,432.21
2511,815,4,1,447.0
2512,816,38,2,394.65
2513,816,37,3,464.32
2514,817,10,3,397.14
2515,817,32,2,169.77
2516,817,26,2,392.71
2517,818,31,1,438.19
2518,818,16,1,283.8
2519,818,18,2,18.63
2520,819,40,1,433.63
2521,819,19,3,304.53
2522,820,35,2,94.27
2523,820,44,3,389.59
2524,820,45,1,330.68
2525,821,38,2,457.75
2526,821,12,1,370.19
2527,821,17,3,232.07
2528,822,49,3,92.21
2529,822,24,2,168.2
2530,822,32,1,82.83
2531,823,40,1,462.69
2532,823,1,2,330.85
2533,823,22,1,180.67
2534,824,16,3,306.63
2535,824,20,1,181.15
2536,824,13,3,12.25
2537,825,4,2,355.39
2538,825,32,3,375.99
2539,825,24,3,90.25
2540,825,13,1,138.03
2541,826,37,2,383.43
2542,826,9,3,144.02
2543,826,43,2,361.85
2544,826,49,1,256.1
2545,826,14,3,322.2
2546,827,48,2,278.62
2547,827,4,3,120.54
2548,827,31,1,316.8
2549,828,20,3,115.81
2550,828,5,3,159.31
2551,828,14,1,450.89
2552,829,37,1,417.01
2553,829,29,1,476.77
2554,829,45,2,355.6
2555,830,40,1,362.23
2556,830,27,1,179.92
2557,830,45,2,388.52
2558,830,34,2,94.15
2559,831,44,2,350.64
2560,831,30,1,279.03
2561,832,14,2,307.69
2562,832,6,3,490.67
2563,832,47,1,321.88
2564,832,31,2,438.78
2565,833,32,1,118.3
2566,833,50,3,136.84
2567,833,12,2,403.5
2568,834,34,3,450.03
2569,834,3,2,442.04
2570,834,13,1,166.37
2571,834,10,3,341.42
2572,835,37,2,307.09
2573,835,6,1,61.36
2574,835,36,1,201.01
2575,836,41,3,149.44
2576,836,12,3,60.45
2577,836,45,3,318.91
2578,836,47,3,419.68
2579,836,42,1,238.8
2580,837,17,1,142.35
2581,838,13,2,266.55
2582,839,18,1,375.58
2583,839,39,2,205.39
2584,839,24,3,216.27
2585,840,15,3,12.79
2586,840,37,1,105.42
2587,840,48,2,373.45
2588,841,24,1,148.29
2589,841,10,2,396.72
2590,841,1,1,179.39
2591,842,7,1,263.11
2592,842,10,1,210.43
2593,843,3,2,160.42
2594,844,33,3,180.83
2595,845,29,2,238.63
2596,845,50,1,163.66
2597,846,37,1,101.66
2598,846,44,3,430.01
2599,847,15,2,289.19
2600,847,5,2,494.99
2601,847,47,2,314.15
2602,848,23,1,118.3
2603,848,29,2,275.45
2604,848,31,3,179.6
2605,849,50,2,218.5
2606,849,41,1,297.62
2607,850,4,2,88.96
2608,850,9,3,150.01
2609,850,21,3,133.03
2610,851,38,1,268.91
2611,851,3,2,395.83
2612,851,29,2,429.43
2613,851,48,1,253.57
2614,851,49,3,338.19
2615,852,31,1,180.19
2616,852,9,3,61.66
2617,852,40,2,448.47
2618,853,47,1,256.43
2619,853,16,2,247.69
2620,854,43,2,248.57
2621,854,16,2,170.74
2622,855,20,2,244.76
2623,855,4,2,411.61
2624,856,40,3,219.47
2625,856,7,3,407.35
2626,857,28,1,468.43
2627,857,33,2,262.1
2628,858,29,1,349.0
2629,858,18,2,123.77
2630,858,36,2,183.22
2631,858,45,2,14.98
2632,859,31,3,475.76
2633,859,48,3,478.98
2634,859,15,1,62.4
2635,859,22,2,368.21
2636,860,42,2,65.26
2637,860,50,1,463.39
2638,860,4,2,468.23
2639,861,40,2,288.97
2640,861,33,1,189.73
2641,861,18,2,249.89
2642,861,2,3,481.27
2643,862,38,1,226.74
2644,862,11,1,321.46
2645,863,43,3,179.2
2646,864,50,1,309.12
2647,864,7,1,253.45
2648,865,45,2,47.94
2649,865,41,2,430.98
2650,866,10,3,247.02
2651,866,22,2,335.46
2652,866,41,1,66.71
2653,867,50,3,409.92
2654,867,21,2,214.17
2655,867,6,3,44.65
2656,867,3,3,167.51
2657,868,4,2,209.76
2658,869,49,2,302.79
2659,869,35,1,339.83
2660,869,21,1,238.91
2661,869,34,2,374.87
2662,869,3,2,260.65
2663,870,15,3,145.4
2664,871,25,2,426.4
2665,871,37,2,357.58
2666,871,36,3,429.66
2667,871,48,3,288.88
2668,872,9,1,215.49
2669,872,21,2,159.08
2670,872,39,3,217.98
2671,873,19,3,105.38
2672,873,36,2,206.8
2673,873,49,1,259.01
2674,873,46,3,108.16
2675,873,45,3,91.36
2676,874,28,3,455.71
2677,874,23,2,436.47
2678,874,43,3,322.78
2679,874,16,2,168.54
2680,874,2,1,333.35
2681,875,19,1,443.48
2682,875,43,2,305.65
2683,876,48,2,158.51
2684,876,34,3,139.01
2685,876,6,2,39.63
2686,877,23,2,455.5
2687,877,40,1,391.54
2688,877,25,2,208.91
2689,877,35,3,408.02
2690,878,12,2,75.84
2691,878,3,1,264.13
2692,879,48,2,252.01
2693,879,5,3,94.62
2694,879,17,3,447.98
2695,880,5,1,424.87
2696,880,32,1,403.29
2697,881,20,2,284.19
2698,881,16,1,304.73
2699,882,5,3,8.92
2700,882,24,3,352.53
2701,882,23,2,211.26
2702,882,43,1,375.13
2703,883,10,3,386.1
2704,883,23,2,222.55
2705,883,42,2,88.74
2706,884,4,2,173.19
2707,884,21,3,148.0
2708,884,23,3,246.13
2709,885,36,2,124.97
2710,885,47,3,27.13
2711,886,32,3,446.59
2712,886,22,3,428.25
2713,886,4,3,458.88
2714,887,12,3,418.33
2715,887,3,2,45.15
2716,887,42,3,81.07
2717,888,7,1,204.16
2718,888,34,3,231.89
2719,888,50,1,44.47
2720,888,32,3,315.8
2721,888,39,3,412.24
2722,889,1,2,276.12
2723,889,9,1,253.65
2724,889,28,3,133.45
2725,889,14,1,461.42
2726,890,13,3,333.3
2727,890,47,3,485.0
2728,890,50,1,40.73
2729,891,20,2,297.79
2730,892,14,3,224.92
2731,892,30,2,228.02
2732,892,50,1,459.37
2733,892,46,1,83.63
2734,893,17,1,385.16
2735,893,29,2,188.39
2736,893,8,2,169.47
2737,893,34,1,179.77
2738,893,46,2,167.04
2739,894,17,3,163.24
2740,894,8,1,211.42
2741,894,18,2,232.1
2742,894,22,3,254.53
2743,894,28,3,245.84
2744,895,9,2,477.89
2745,895,44,3,336.82
2746,895,45,3,195.46
2747,895,4,2,291.16
2748,895,36,3,301.18
2749,896,23,3,257.77
2750,896,44,2,140.83
2751,896,3,1,487.15
2752,897,36,1,285.71
2753,897,5,1,71.04
2754,898,44,2,55.81
2755,898,17,1,278.57
2756,898,26,1,46.77
2757,898,27,1,168.66
2758,898,4,3,287.24
2759,899,25,3,301.51
2760,899,1,3,65.45
2761,900,22,2,343.41
2762,900,34,2,355.1
2763,900,27,1,91.49
2764,901,24,1,444.4
2765,901,27,2,120.78
2766,901,23,1,390.78
2767,901,32,1,99.04
2768,902,33,2,354.46
2769,902,28,2,35.99
2770,902,15,3,225.56
2771,902,8,3,210.32
2772,903,9,3,406.09
2773,903,38,2,361.84
2774,903,48,3,228.64
2775,904,15,1,385.8
2776,904,35,3,349.33
2777,904,14,2,465.76
2778,905,23,2,437.46
2779,905,44,1,178.61
2780,905,2,2,209.81
2781,905,21,1,472.73
2782,905,36,1,54.59
2783,906,39,3,65.56
2784,906,12,1,280.29
2785,906,32,3,68.53
2786,906,22,1,462.83
2787,907,3,2,491.17
2788,907,45,2,6.77
2789,907,4,1,27.32
2790,907,7,2,139.11
2791,908,44,1,443.11
2792,909,11,3,391.08
2793,909,6,2,20.4
2794,909,19,1,308.94
2795,909,8,3,86.44
2796,909,48,1,35.71
2797,910,31,3,149.97
2798,910,22,1,94.63
2799,910,26,1,468.99
2800,911,20,1,210.06
2801,911,18,3,369.8
2802,911,25,3,300.91
2803,911,27,1,324.49
2804,911,16,3,62.23
2805,912,48,2,103.22
2806,912,31,1,234.93
2807,912,6,2,126.14
2808,913,27,1,212.08
2809,913,6,1,34.59
2810,913,31,2,421.51
2811,913,44,1,77.73
2812,913,47,3,483.98
2813,914,32,2,300.94
2814,914,23,1,463.48
2815,914,16,2,364.35
2816,915,45,1,343.62
2817,915,4,2,393.16
2818,916,38,3,422.68
2819,916,2,1,171.18
2820,916,27,1,105.81
2821,917,22,1,55.14
2822,917,4,1,191.86
2823,917,49,3,373.7
2824,917,23,1,27.95
2825,917,16,1,241.09
2826,918,48,2,347.65
2827,918,12,3,462.96
2828,919,13,3,126.98
2829,919,1,2,323.45
2830,919,4,2,186.92
2831,919,35,1,116.93
2832,919,23,2,410.83
2833,920,3,3,317.6
2834,920,13,2,494.82
2835,920,21,2,11.86
2836,921,1,1,140.76
2837,921,15,1,160.05
2838,921,18,2,160.96
2839,921,23,2,158.96
2840,922,42,2,317.61
2841,923,26,2,29.24
2842,923,36,3,104.92
2843,923,42,3,241.39
2844,923,38,1,111.67
2845,924,21,1,283.54
2846,924,35,3,323.29
2847,924,36,1,132.0
2848,924,20,2,133.06
2849,924,34,2,448.45
2850,925,36,2,15.13
2851,925,15,2,333.55
2852,925,4,2,375.6
2853,926,30,3,455.99
2854,926,11,2,170.03
2855,926,33,2,101.24
2856,926,18,3,61.42
2857,926,45,1,94.92
2858,927,3,3,265.09
2859,927,25,1,120.13
2860,927,14,3,345.98
2861,927,43,3,458.56
2862,927,7,1,448.23
2863,928,39,1,64.2
2864,928,20,3,82.06
2865,928,36,1,207.83
2866,928,23,1,346.31
2867,928,11,1,323.74
2868,929,24,2,177.5
2869,930,41,2,275.08
2870,930,24,1,172.35
2871,931,45,1,475.96
2872,931,37,3,343.37
2873,931,41,1,96.93
2874,932,2,1,288.65
2875,933,1,3,443.25
2876,933,7,1,93.05
2877,933,17,3,307.49
2878,934,14,3,445.33
2879,934,35,2,468.22
2880,934,34,3,36.25
2881,934,5,1,279.02
2882,934,20,1,192.58
2883,935,20,2,497.05
2884,935,16,2,470.13
2885,936,42,2,159.91
2886,937,44,3,84.78
2887,937,3,1,279.06
2888,937,36,1,196.74
2889,937,23,1,112.86
2890,937,38,2,308.39
2891,938,19,2,373.39
2892,938,14,2,67.88
2893,938,35,3,99.75
2894,939,19,3,96.88
2895,939,32,1,300.43
2896,939,3,1,150.46
2897,939,15,1,103.47
2898,939,42,2,101.61
2899,940,17,2,156.14
2900,940,36,3,447.33
2901,940,24,3,118.93
2902,940,43,2,88.44
2903,941,19,1,453.94
2904,941,42,2,409.54
2905,941,9,3,269.74
2906,941,36,2,198.72
2907,942,36,3,367.27
2908,942,31,2,20.46
2909,943,4,3,295.68
2910,943,44,2,188.58
2911,944,17,1,126.22
2912,945,14,2,181.94
2913,946,23,1,350.15
2914,946,47,3,392.04
2915,946,1,1,398.63
2916,946,45,2,102.04
2917,946,16,2,420.0
2918,947,7,3,295.92
2919,947,41,3,150.51
2920,947,18,3,177.55
2921,947,49,1,97.18
2922,947,47,3,373.45
2923,948,10,1,451.31
2924,948,40,2,471.23
2925,948,6,3,92.94
2926,948,38,3,409.4
2927,948,36,2,355.32
2928,949,30,1,152.85
2929,949,47,1,202.01
2930,949,31,3,397.19
2931,949,13,3,311.0
2932,949,9,3,61.86
2933,950,47,2,366.52
2934,950,21,3,342.44
2935,950,38,1,62.63
2936,950,44,1,161.01
2937,951,50,2,135.22
2938,951,29,1,455.42
2939,951,35,2,51.12
2940,952,33,3,193.68
2941,952,11,1,249.47
2942,952,13,2,385.27
2943,952,46,2,396.98
2944,952,41,3,348.11
2945,953,27,3,297.57
2946,953,40,3,488.45
2947,953,23,3,330.7
2948,953,9,3,437.23
2949,953,28,1,161.07
2950,954,23,1,310.42
2951,954,3,2,141.1
2952,955,23,2,483.58
2953,956,16,1,91.04
2954,956,47,3,157.15
2955,956,9,2,494.2
2956,956,41,3,351.86
2957,957,27,3,149.18
2958,957,32,3,31.99
2959,957,38,3,440.33
2960,957,24,2,299.22
2961,957,5,3,483.5
2962,958,35,3,59.55
2963,958,2,1,263.71
2964,959,11,3,344.46
2965,959,26,3,29.51
2966,959,8,1,420.31
2967,959,41,2,476.84
2968,960,45,3,201.89
2969,960,30,2,476.54
2970,960,16,2,293.66
2971,960,50,3,464.94
2972,960,35,3,355.28
2973,961,31,1,473.01
2974,961,24,3,204.88
2975,961,21,2,331.05
2976,962,32,2,207.93
2977,962,15,2,419.19
2978,962,20,2,40.46
2979,962,17,2,53.21
2980,963,44,1,348.58
2981,963,18,1,406.0
2982,963,33,3,85.05
2983,964,38,2,391.1
2984,964,2,1,63.98
2985,964,3,1,412.54
2986,965,14,3,387.97
2987,965,21,1,354.78
2988,965,30,1,371.27
2989,965,42,2,226.42
2990,966,37,1,211.01
2991,966,40,3,391.55
2992,967,27,3,256.19
2993,967,43,2,449.38
2994,967,2,3,234.84
2995,967,14,3,58.28
2996,968,37,2,431.47
2997,968,50,1,336.04
2998,968,40,2,466.89
2999,968,25,1,106.54
3000,969,9,3,127.86
3001,969,40,3,22.6
3002,969,41,2,374.52
3003,969,3,3,249.06
3004,969,12,2,168.23
3005,970,23,3,493.84
3006,970,12,2,463.91
3007,970,50,2,166.42
3008,970,19,2,139.83
3009,971,45,3,411.27
3010,971,48,3,279.34
3011,971,3,3,367.39
3012,972,42,2,401.83
3013,972,21,1,88.16
3014,973,49,3,259.09
3015,973,14,3,354.92
3016,974,39,1,412.64
3017,974,37,1,150.14
3018,975,9,1,343.56
3019,975,10,1,188.93
3020,976,40,3,302.79
3021,977,7,1,146.87
3022,977,48,3,139.58
3023,978,43,3,423.54
3024,978,33,3,431.9
3025,978,46,3,442.09
3026,978,6,2,200.72
3027,978,7,3,69.09
3028,979,32,3,253.95
3029,980,31,1,447.36
3030,980,5,1,96.62
3031,980,14,3,435.5
3032,981,36,1,243.09
3033,982,33,2,20.64
3034,982,12,1,375.34
3035,982,36,1,171.93
3036,983,49,2,261.49
3037,983,19,3,411.14
3038,983,36,3,390.42
3039,983,21,2,285.15
3040,984,15,3,305.61
3041,984,24,2,67.09
3042,984,34,2,7.81
3043,985,28,1,339.47
3044,985,6,3,51.04
3045,985,46,2,128.47
3046,985,24,3,69.65
3047,986,11,1,153.15
3048,986,49,1,163.0
3049,987,5,2,304.85
3050,987,9,3,469.79
3051,987,38,1,314.06
3052,987,42,1,348.75
3053,988,17,1,21.76
3054,989,4,1,139.87
3055,989,44,1,283.97
3056,989,2,2,455.45
3057,990,17,1,41.9
3058,991,41,3,364.75
3059,991,45,2,350.78
3060,991,37,3,490.36
3061,991,13,2,83.19
3062,991,15,2,498.79
3063,992,31,1,208.53
3064,992,44,3,256.57
3065,992,45,3,233.6
3066,992,37,3,461.1
3067,992,49,3,147.59
3068,993,48,2,135.91
3069,993,28,1,303.54
3070,993,42,1,362.6
3071,993,26,3,84.68
3072,993,27,3,415.41
3073,994,29,1,269.96
3074,995,37,2,418.41
3075,995,34,1,10.46
3076,995,11,1,112.2
3077,996,19,2,127.66
3078,997,2,2,70.96
3079,997,20,1,70.13
3080,997,9,1,474.72
3081,997,28,2,184.88
3082,997,38,2,202.86
3083,998,37,2,45.26
3084,999,45,1,120.73
3085,1000,42,1,332.33
3086,1001,37,3,149.86
3087,1002,17,1,336.47
3088,1002,50,3,56.79
3089,1002,37,1,359.49
3090,1002,3,2,83.58
3091,1003,29,1,11.1
3092,1003,46,3,74.13
3093,1003,36,3,270.22
3094,1004,5,2,280.65
3095,1004,43,1,269.33
3096,1004,20,2,337.12
3097,1004,4,1,188.52
3098,1005,11,2,390.5
3099,1005,3,2,310.61
3100,1005,43,2,492.29
3101,1005,9,2,28.69
3102,1006,49,3,464.18
3103,1007,3,2,106.06
3104,1008,42,1,163.8
3105,1009,44,1,136.74
3106,1010,7,1,210.02
3107,1010,8,2,478.32
3108,1010,41,2,139.77
3109,1011,30,3,347.02
3110,1011,46,1,75.12
3111,1011,29,3,251.41
3112,1011,31,1,322.57
3113,1012,29,3,241.39
3114,1012,3,3,359.29
3115,1012,6,3,228.42
3116,1012,45,1,373.69
3117,1012,4,2,273.59
3118,1013,34,1,423.82
3119,1014,37,1,310.33
3120,1014,13,3,449.16
3121,1015,5,2,350.64
3122,1015,28,1,15.22
3123,1015,27,1,312.36
3124,1015,17,3,337.58
3125,1015,8,2,162.24
3126,1016,37,2,88.91
3127,1016,18,1,344.37
3128,1016,10,2,115.66
3129,1016,48,1,316.53
3130,1017,45,1,394.25
3131,1017,24,2,436.19
3132,1017,50,2,364.44
3133,1017,48,3,340.83
3134,1018,24,1,151.08
3135,1018,32,1,381.45
3136,1018,17,3,451.81
3137,1019,11,1,197.59
3138,1019,22,3,487.18
3139,1019,49,2,208.16
3140,1019,36,3,166.14
3141,1020,3,2,276.19
3142,1021,40,1,239.86
3143,1021,18,3,449.37
3144,1021,37,1,153.03
3145,1021,13,1,360.75
3146,1021,11,3,133.9
3147,1022,32,1,23.97
3148,1022,44,2,127.53
3149,1022,9,1,104.01
3150,1023,3,1,119.1
3151,1024,8,2,346.25
3152,1024,47,1,337.32
3153,1024,21,2,32.87
3154,1024,28,1,274.37
3155,1025,8,1,293.27
3156,1025,11,1,158.43
3157,1025,31,1,286.93
3158,1025,43,3,146.4
3159,1026,7,3,166.31
3160,1026,22,1,157.7
3161,1026,9,3,321.48
3162,1026,14,2,19.1
3163,1027,28,2,274.36
3164,1027,36,3,283.36
3165,1028,22,1,454.45
3166,1028,2,2,326.25
3167,1028,12,2,31.32
3168,1028,30,3,353.54
3169,1029,36,1,396.98
3170,1029,25,2,432.95
3171,1029,37,2,272.19
3172,1029,13,2,139.25
3173,1029,10,2,316.13
3174,1030,1,3,177.5
3175,1030,49,1,217.63
3176,1031,14,1,471.14
3177,1031,19,3,403.71
3178,1031,33,2,349.67
3179,1031,38,1,102.24
3180,1032,35,3,207.53
3181,1033,7,1,314.93
3182,1033,16,3,67.77
3183,1033,26,2,102.21
3184,1034,26,1,47.11
3185,1034,42,2,318.52
3186,1034,41,2,98.19
3187,1034,31,3,21.04
3188,1034,22,1,71.82
3189,1035,38,2,358.09
3190,1035,26,3,277.31
3191,1035,45,2,65.06
3192,1035,21,2,92.13
3193,1035,39,2,397.01
3194,1036,23,3,380.21
3195,1036,30,3,283.28
3196,1036,47,2,76.64
3197,1036,48,1,47.27
3198,1036,50,1,179.85
3199,1037,11,3,440.33
3200,1037,36,1,305.22
