session_id,user_id,session_date,source,pages_viewed,duration_sec
1,1,2025-03-11,Email,9,215
2,1,2025-08-24,Referral,5,427
3,2,2025-04-12,Google Ads,9,235
4,2,2025-07-29,Email,8,400
5,3,2024-12-22,Referral,3,444
6,3,2025-05-12,Social Media,7,139
7,4,2025-02-22,Google Ads,5,207
8,4,2025-04-03,Referral,7,76
9,5,2025-04-14,Social Media,1,283
10,5,2025-01-06,Email,1,42
11,5,2025-04-06,Referral,10,431
12,5,2025-06-06,Google Ads,8,297
13,5,2025-09-21,Social Media,4,350
14,6,2025-06-03,Social Media,9,281
15,6,2025-03-16,Google Ads,6,526
16,6,2025-06-15,Google Ads,7,539
17,7,2025-09-17,Email,10,216
18,7,2025-11-16,Email,5,91
19,7,2025-09-19,Google Ads,5,493
20,7,2025-10-14,Referral,10,364
21,8,2025-06-13,Google Ads,5,247
22,9,2024-12-26,Email,8,393
23,9,2025-05-05,Email,9,482
24,10,2025-09-02,Social Media,8,576
25,11,2024-12-09,Referral,10,499
26,11,2025-01-05,Social Media,3,537
27,11,2025-04-21,Referral,1,112
28,12,2025-01-17,Referral,2,243
29,12,2025-10-11,Referral,10,435
30,12,2025-01-04,Email,5,436
31,12,2025-08-07,Google Ads,8,125
32,12,2025-06-28,Referral,10,191
33,13,2025-03-22,Google Ads,10,219
34,13,2025-06-26,Email,8,369
35,13,2025-03-05,Social Media,7,174
36,14,2025-10-30,Email,5,118
37,15,2025-11-11,Email,3,276
38,15,2025-05-13,Google Ads,4,80
39,15,2025-04-12,Email,5,494
40,15,2025-09-25,Referral,5,547
41,15,2025-06-21,Referral,8,422
42,16,2025-09-16,Referral,3,169
43,16,2025-09-29,Social Media,7,82
44,17,2025-10-10,Email,2,357
45,17,2025-11-20,Google Ads,5,240
46,17,2025-05-30,Social Media,10,34
47,17,2024-12-01,Email,4,499
48,18,2025-11-28,Referral,2,331
49,18,2025-07-17,Google Ads,2,593
50,19,2025-05-18,Google Ads,4,99
51,19,2025-10-18,Email,10,315
52,19,2025-09-21,Social Media,4,304
53,19,2025-10-01,Email,7,554
54,19,2025-06-09,Email,3,104
55,20,2025-07-20,Referral,2,458
56,20,2025-07-05,Referral,3,306
57,21,2025-03-22,Google Ads,5,545
58,21,2025-02-09,Social Media,4,376
59,21,2025-06-08,Referral,6,497
60,22,2025-07-05,Google Ads,7,138
61,23,2025-05-17,Referral,4,388
62,24,2025-08-01,Referral,7,45
63,24,2025-07-02,Social Media,5,564
64,25,2025-06-20,Social Media,8,464
65,26,2025-07-21,Social Media,4,541
66,27,2025-07-16,Email,9,260
67,28,2025-11-18,Referral,8,433
68,29,2025-02-23,Email,9,469
69,29,2025-02-17,Referral,1,274
70,30,2025-06-22,Referral,1,111
71,30,2025-08-05,Google Ads,2,238
72,30,2025-09-03,Referral,3,169
73,30,2025-11-26,Referral,1,107
74,31,2025-02-19,Email,9,131
75,32,2025-06-14,Social Media,2,505
76,32,2025-07-03,Referral,8,327
77,33,2025-10-04,Google Ads,5,476
78,34,2025-07-24,Referral,2,476
79,35,2025-02-24,Google Ads,10,562
80,35,2025-10-29,Referral,10,196
81,36,2025-02-08,Social Media,10,279
82,36,2025-08-17,Google Ads,1,283
83,36,2024-12-06,Email,9,69
84,36,2025-03-08,Google Ads,3,571
85,37,2025-10-05,Email,7,37
86,37,2025-05-12,Email,5,64
87,37,2025-06-08,Google Ads,8,487
88,38,2025-04-05,Referral,2,288
89,38,2025-02-27,Google Ads,1,578
90,38,2025-07-20,Social Media,1,235
91,38,2025-06-20,Google Ads,10,173
92,38,2025-01-01,Google Ads,3,581
93,39,2025-01-16,Referral,7,421
94,39,2025-02-26,Google Ads,6,446
95,39,2025-06-27,Email,8,169
96,39,2025-05-07,Email,6,556
97,40,2025-11-13,Social Media,4,380
98,40,2025-11-13,Google Ads,9,468
99,41,2025-01-08,Email,6,180
100,42,2025-06-03,Social Media,10,535
101,42,2025-08-24,Google Ads,6,408
102,42,2025-10-23,Social Media,10,479
103,42,2025-09-12,Referral,1,47
104,43,2025-04-15,Referral,2,105
105,43,2025-01-09,Google Ads,9,132
106,43,2025-07-09,Social Media,4,287
107,43,2025-06-10,Email,6,466
108,43,2025-01-26,Social Media,4,150
109,44,2025-06-21,Email,7,484
110,44,2025-08-11,Social Media,6,39
111,45,2025-11-04,Referral,9,140
112,45,2025-10-30,Social Media,7,367
113,45,2025-11-22,Social Media,4,239
114,45,2025-08-19,Social Media,1,165
115,46,2025-07-28,Email,6,457
116,46,2025-03-07,Referral,6,57
117,46,2025-07-14,Email,4,88
118,47,2025-08-15,Google Ads,4,97
119,47,2025-02-23,Referral,6,293
120,47,2025-05-21,Email,3,472
121,47,2025-06-26,Email,9,324
122,47,2025-07-15,Email,2,357
123,48,2025-08-02,Email,3,146
124,48,2025-04-19,Referral,6,564
125,48,2025-03-02,Social Media,3,147
126,49,2025-05-06,Google Ads,8,81
127,49,2025-05-24,Social Media,5,283
128,49,2025-06-29,Google Ads,1,300
129,49,2024-12-08,Referral,9,262
130,49,2025-11-25,Google Ads,6,99
131,50,2025-11-16,Google Ads,3,466
132,50,2025-07-19,Google Ads,10,447
133,50,2025-02-01,Google Ads,3,503
134,51,2025-07-27,Google Ads,3,248
135,51,2025-10-01,Google Ads,4,590
136,51,2025-04-03,Referral,4,527
137,52,2025-02-17,Google Ads,9,453
138,52,2025-08-17,Google Ads,8,99
139,52,2025-06-10,Email,10,503
140,53,2025-03-17,Google Ads,4,364
141,53,2025-07-21,Google Ads,10,440
142,53,2025-09-18,Social Media,9,321
143,53,2024-12-24,Social Media,3,152
144,53,2025-02-06,Social Media,6,93
145,54,2025-01-26,Referral,2,151
146,55,2025-02-17,Google Ads,6,481
147,55,2025-08-10,Social Media,2,177
148,55,2025-02-13,Referral,3,74
149,55,2025-03-09,Social Media,10,44
150,56,2025-04-14,Referral,3,424
151,56,2025-02-24,Social Media,9,312
152,56,2025-03-16,Email,7,340
153,56,2025-06-08,Social Media,6,393
154,57,2025-09-22,Google Ads,1,229
155,58,2025-07-04,Email,3,484
156,59,2025-09-10,Social Media,10,505
157,59,2025-04-06,Social Media,10,417
158,59,2025-07-28,Google Ads,4,138
159,59,2025-09-02,Referral,2,69
160,59,2024-12-04,Social Media,2,469
161,60,2025-05-31,Referral,3,296
162,60,2024-12-26,Google Ads,6,504
163,61,2025-11-27,Social Media,9,228
164,62,2025-06-15,Google Ads,2,389
165,62,2025-10-07,Email,8,389
166,63,2025-02-25,Email,10,568
167,64,2025-10-02,Social Media,9,268
168,64,2025-07-23,Referral,8,480
169,64,2025-01-09,Social Media,3,563
170,64,2025-08-30,Referral,3,138
171,64,2025-06-12,Google Ads,2,408
172,65,2025-03-21,Social Media,2,118
173,65,2025-11-24,Google Ads,10,111
174,65,2024-12-05,Referral,2,588
175,65,2025-02-27,Email,6,547
176,65,2025-08-22,Email,4,511
177,66,2024-12-31,Social Media,2,354
178,66,2025-02-17,Email,10,280
179,66,2025-11-06,Google Ads,10,532
180,66,2025-02-10,Social Media,5,568
181,66,2025-10-10,Referral,7,175
182,67,2025-04-13,Google Ads,9,274
183,67,2025-09-19,Google Ads,5,407
184,67,2025-05-21,Referral,6,231
185,67,2025-10-08,Google Ads,9,121
186,67,2025-07-17,Referral,10,418
187,68,2025-11-05,Social Media,10,548
188,68,2025-05-10,Google Ads,8,291
189,68,2025-08-16,Email,5,490
190,68,2025-08-22,Email,9,573
191,68,2025-09-14,Referral,4,571
192,69,2025-11-28,Social Media,6,255
193,69,2024-12-02,Referral,8,472
194,69,2025-03-01,Email,5,479
195,70,2025-05-26,Google Ads,4,474
196,70,2024-12-21,Referral,6,70
197,71,2025-03-11,Social Media,8,448
198,72,2025-04-19,Referral,7,447
199,73,2025-08-12,Social Media,3,512
200,73,2024-12-03,Referral,8,568
201,73,2024-12-25,Google Ads,7,507
202,74,2025-06-23,Referral,3,46
203,74,2024-12-12,Email,6,520
204,75,2025-03-09,Google Ads,7,568
205,75,2025-03-15,Email,4,444
206,75,2025-02-05,Email,7,161
207,75,2025-09-06,Google Ads,7,495
208,75,2025-06-02,Referral,9,51
209,76,2025-10-15,Social Media,1,515
210,76,2025-09-28,Social Media,6,221
211,76,2025-10-10,Social Media,5,190
212,76,2025-03-23,Email,9,421
213,77,2025-04-02,Referral,2,437
214,77,2025-03-24,Google Ads,6,104
215,77,2024-12-28,Google Ads,7,126
216,77,2025-01-08,Email,10,509
217,78,2025-01-01,Referral,9,214
218,78,2025-01-21,Referral,6,284
219,78,2025-10-22,Referral,1,49
220,78,2024-12-11,Email,6,403
221,79,2025-01-04,Google Ads,6,251
222,80,2025-01-04,Google Ads,7,56
223,80,2025-10-22,Google Ads,3,360
224,80,2025-02-21,Referral,5,140
225,81,2025-08-10,Referral,2,426
226,81,2025-05-11,Email,7,156
227,81,2025-10-19,Referral,6,113
228,81,2025-11-14,Google Ads,5,181
229,81,2025-05-22,Referral,4,257
230,82,2025-02-02,Social Media,8,366
231,82,2024-12-14,Referral,8,223
232,82,2025-08-28,Referral,10,218
233,82,2025-11-01,Email,7,386
234,82,2025-09-15,Social Media,7,590
235,83,2025-07-19,Social Media,3,239
236,83,2025-10-10,Email,5,595
237,84,2025-03-31,Google Ads,3,462
238,84,2025-03-18,Google Ads,5,483
239,85,2024-12-23,Google Ads,9,291
240,86,2025-02-10,Referral,10,191
241,86,2025-09-14,Email,5,492
242,87,2025-05-19,Email,9,36
243,87,2025-11-26,Social Media,5,122
244,87,2025-07-25,Email,9,247
245,87,2025-09-20,Social Media,3,394
246,87,2025-03-12,Referral,5,57
247,88,2025-10-08,Email,9,459
248,88,2025-08-12,Google Ads,4,317
249,88,2025-03-09,Referral,8,232
250,89,2025-06-28,Google Ads,8,444
251,89,2025-01-16,Email,9,30
252,90,2025-03-08,Referral,10,374
253,90,2025-08-24,Email,6,523
254,90,2025-05-18,Email,8,573
255,90,2024-12-16,Email,4,213
256,91,2025-04-22,Social Media,3,308
257,91,2025-02-09,Google Ads,1,533
258,91,2025-02-21,Social Media,2,583
259,91,2024-12-26,Google Ads,4,363
260,91,2025-08-14,Social Media,10,247
261,92,2025-03-23,Referral,8,144
262,92,2025-08-22,Social Media,9,282
263,92,2025-10-07,Referral,5,39
264,92,2025-09-08,Google Ads,8,214
265,92,2025-08-03,Google Ads,1,142
266,93,2025-10-01,Referral,1,333
267,93,2025-07-29,Google Ads,5,364
268,94,2025-10-28,Referral,4,169
269,94,2025-07-08,Social Media,2,316
270,95,2025-03-08,Google Ads,4,263
271,96,2025-08-25,Email,3,179
272,96,2025-01-20,Referral,4,374
273,96,2025-01-03,Social Media,5,322
274,97,2025-11-02,Social Media,10,430
275,97,2025-02-23,Email,1,457
276,97,2025-07-25,Email,3,268
277,97,2025-04-18,Social Media,5,101
278,97,2025-06-12,Google Ads,9,75
279,98,2025-10-28,Referral,1,218
280,98,2025-06-01,Email,9,330
281,98,2025-01-21,Social Media,5,148
282,98,2025-10-01,Google Ads,9,518
283,99,2025-05-07,Social Media,1,112
284,100,2025-09-14,Social Media,8,364
285,100,2025-05-16,Referral,3,322
286,100,2025-08-24,Google Ads,6,47
287,100,2025-10-16,Email,5,483
288,101,2025-04-07,Google Ads,6,287
289,101,2025-06-24,Social Media,4,131
290,101,2025-07-30,Social Media,2,171
291,101,2025-10-18,Social Media,8,111
292,101,2025-05-03,Email,5,120
293,102,2025-05-12,Email,5,441
294,103,2025-04-20,Email,1,250
295,104,2025-05-25,Social Media,9,407
296,104,2025-07-30,Referral,3,338
297,104,2025-09-24,Social Media,1,403
298,104,2025-06-26,Google Ads,5,90
299,104,2025-10-04,Social Media,7,583
300,105,2025-07-25,Google Ads,8,104
301,105,2025-01-14,Email,5,373
302,105,2025-08-10,Social Media,3,348
303,105,2025-05-23,Email,9,435
304,106,2025-02-08,Google Ads,9,70
305,106,2025-04-11,Google Ads,4,511
306,107,2025-10-19,Social Media,4,318
307,107,2025-08-07,Email,5,252
308,107,2025-07-18,Social Media,1,77
309,107,2025-08-20,Google Ads,9,596
310,108,2025-05-22,Referral,7,130
311,108,2025-06-06,Social Media,5,54
312,108,2025-03-29,Email,8,255
313,109,2025-09-22,Email,6,218
314,109,2025-10-15,Social Media,10,467
315,109,2025-04-08,Social Media,3,366
316,109,2025-09-19,Google Ads,5,239
317,109,2025-08-06,Referral,5,454
318,110,2025-05-21,Social Media,4,50
319,110,2025-05-02,Email,9,154
320,110,2025-07-31,Email,5,523
321,110,2025-01-18,Google Ads,5,238
322,111,2025-04-12,Email,4,264
323,111,2025-09-08,Google Ads,3,508
324,111,2025-05-10,Social Media,10,97
325,112,2025-07-23,Google Ads,3,276
326,112,2025-03-23,Google Ads,9,281
327,112,2025-01-24,Google Ads,9,549
328,112,2025-08-27,Referral,2,323
329,112,2025-08-05,Referral,10,197
330,113,2025-07-10,Email,10,50
331,113,2025-07-13,Referral,5,467
332,114,2025-09-05,Social Media,10,599
333,114,2024-12-10,Social Media,2,113
334,114,2024-12-19,Social Media,10,201
335,115,2025-03-08,Social Media,1,437
336,116,2025-03-09,Google Ads,6,402
337,117,2025-10-27,Referral,8,373
338,118,2025-09-17,Email,2,511
339,118,2025-08-30,Social Media,8,178
340,118,2025-11-04,Referral,2,184
341,119,2025-11-12,Google Ads,8,386
342,120,2025-05-10,Social Media,4,328
343,120,2025-06-23,Google Ads,7,360
344,120,2025-09-22,Referral,6,391
345,120,2025-06-01,Google Ads,10,49
346,120,2025-01-20,Email,10,245
347,121,2025-04-03,Google Ads,6,335
348,121,2025-11-26,Referral,8,201
349,121,2025-01-10,Social Media,6,345
350,121,2025-07-20,Referral,4,241
351,121,2025-07-24,Google Ads,6,239
352,122,2025-02-18,Email,9,249
353,122,2025-07-10,Referral,1,170
354,123,2025-10-24,Social Media,9,247
355,123,2025-03-16,Social Media,9,524
356,123,2025-05-12,Google Ads,5,434
357,123,2025-08-04,Referral,8,256
358,124,2025-07-08,Email,10,110
359,124,2025-01-19,Google Ads,1,234
360,124,2025-11-09,Email,5,193
361,124,2025-07-19,Google Ads,8,546
362,125,2025-06-06,Email,1,589
363,125,2025-11-21,Google Ads,5,564
364,126,2025-03-21,Google Ads,4,326
365,126,2025-02-26,Google Ads,7,207
366,126,2025-09-20,Referral,1,451
367,126,2025-02-04,Social Media,10,299
368,126,2025-02-21,Social Media,5,54
369,127,2025-08-29,Social Media,5,390
370,127,2025-08-30,Google Ads,9,346
371,127,2025-11-23,Referral,10,529
372,127,2025-04-09,Email,6,354
373,127,2025-10-01,Google Ads,3,58
374,128,2025-09-25,Referral,5,45
375,128,2025-10-02,Referral,3,335
376,129,2024-12-28,Referral,6,256
377,129,2024-12-06,Referral,9,544
378,129,2025-01-06,Google Ads,3,83
379,129,2025-11-04,Referral,5,77
380,129,2025-01-01,Email,7,572
381,130,2025-08-01,Social Media,6,342
382,130,2025-06-06,Google Ads,2,242
383,130,2025-09-26,Social Media,5,583
384,130,2025-08-06,Referral,1,478
385,130,2025-06-19,Referral,2,75
386,131,2025-09-19,Google Ads,7,171
387,131,2025-11-10,Email,7,39
388,131,2024-12-22,Referral,2,119
389,131,2024-12-05,Referral,5,400
390,132,2025-09-17,Email,1,38
391,132,2024-11-29,Email,4,390
392,132,2025-07-29,Email,4,422
393,132,2025-08-25,Referral,4,416
394,133,2025-11-06,Social Media,9,312
395,133,2025-05-29,Social Media,3,403
396,134,2025-06-15,Social Media,5,195
397,135,2025-02-17,Referral,10,116
398,135,2025-10-01,Social Media,6,281
399,136,2025-11-20,Social Media,9,135
400,136,2025-09-26,Social Media,8,312
401,137,2025-07-29,Google Ads,10,242
402,137,2025-02-20,Google Ads,10,481
403,137,2025-02-28,Google Ads,8,429
404,137,2025-05-21,Referral,3,194
405,137,2025-05-09,Google Ads,2,150
406,138,2025-01-31,Google Ads,1,120
407,138,2025-08-16,Email,8,122
408,138,2025-06-04,Referral,10,342
409,139,2025-01-15,Social Media,10,159
410,139,2025-02-05,Referral,4,586
411,140,2024-12-10,Email,2,386
412,140,2025-03-11,Email,3,346
413,140,2024-11-28,Email,2,558
414,140,2025-02-06,Google Ads,5,270
415,141,2025-06-28,Email,4,583
416,141,2025-01-04,Social Media,10,71
417,141,2025-02-22,Social Media,5,370
418,141,2025-10-29,Email,10,548
419,142,2025-02-02,Referral,6,446
420,142,2025-05-24,Referral,9,196
421,142,2025-07-30,Referral,8,397
422,142,2025-01-10,Social Media,2,384
423,142,2025-07-13,Google Ads,1,81
424,143,2025-08-02,Email,1,529
425,143,2025-11-14,Social Media,6,140
426,143,2025-06-08,Email,4,302
427,143,2025-03-30,Google Ads,3,541
428,144,2025-07-13,Referral,1,249
429,144,2025-02-16,Referral,5,179
430,144,2025-11-17,Social Media,5,378
431,144,2025-08-02,Google Ads,5,252
432,144,2025-09-01,Referral,5,529
433,145,2025-01-06,Social Media,8,455
434,145,2025-07-21,Referral,4,50
435,146,2025-04-24,Google Ads,4,224
436,146,2025-10-17,Google Ads,4,406
437,146,2025-11-18,Social Media,8,361
438,147,2025-06-26,Referral,4,178
439,147,2025-10-08,Referral,8,94
440,148,2025-04-02,Email,7,515
441,148,2025-06-15,Email,2,77
442,148,2025-06-09,Referral,5,199
443,148,2025-01-16,Google Ads,3,563
444,148,2025-01-06,Email,6,496
445,149,2025-10-07,Referral,6,593
446,150,2025-03-01,Email,6,541
447,150,2025-01-24,Social Media,4,330
448,150,2025-05-16,Referral,3,205
449,151,2025-05-29,Email,10,516
450,152,2025-02-21,Referral,2,570
451,152,2025-04-25,Google Ads,2,324
452,153,2024-12-31,Referral,9,228
453,153,2025-07-28,Referral,1,401
454,153,2025-11-11,Google Ads,3,505
455,153,2025-11-28,Social Media,10,304
456,153,2025-11-13,Google Ads,4,483
457,154,2025-04-04,Referral,1,467
458,154,2025-07-01,Google Ads,1,186
459,155,2025-03-25,Referral,1,304
460,155,2025-09-22,Referral,4,414
461,155,2025-06-09,Email,8,481
462,155,2025-09-06,Email,7,236
463,155,2025-04-22,Referral,5,216
464,156,2025-09-12,Referral,3,550
465,156,2025-11-27,Google Ads,5,286
466,157,2025-02-19,Referral,7,314
467,157,2025-08-27,Google Ads,6,412
468,157,2025-01-22,Referral,5,584
469,158,2025-02-12,Referral,5,364
470,158,2025-03-08,Google Ads,4,452
471,158,2025-07-31,Social Media,4,538
472,158,2025-07-25,Google Ads,8,171
473,158,2025-11-11,Referral,3,35
474,159,2025-10-31,Social Media,10,387
475,159,2024-12-24,Social Media,2,388
476,159,2025-09-03,Google Ads,9,485
477,159,2025-01-16,Google Ads,2,581
478,160,2025-09-06,Referral,2,130
479,160,2025-06-14,Google Ads,7,261
480,160,2025-07-25,Google Ads,6,305
481,161,2025-03-27,Social Media,6,559
482,161,2025-09-16,Referral,6,227
483,161,2025-03-26,Email,9,206
484,162,2025-02-03,Referral,2,437
485,162,2025-01-14,Google Ads,7,75
486,162,2025-05-13,Email,8,465
487,163,2025-05-14,Referral,3,219
488,163,2025-09-16,Referral,10,399
489,164,2025-07-14,Google Ads,5,220
490,164,2025-08-09,Social Media,1,365
491,164,2025-10-16,Email,6,373
492,165,2025-05-15,Referral,7,135
493,165,2025-03-25,Referral,8,249
494,165,2025-06-29,Referral,8,564
495,165,2025-06-27,Social Media,5,488
496,165,2024-12-09,Google Ads,2,182
497,166,2025-05-17,Email,3,435
498,166,2024-12-19,Google Ads,5,483
499,167,2025-04-04,Email,4,101
500,168,2025-07-04,Referral,7,495
501,169,2025-11-17,Email,1,560
502,169,2025-03-10,Referral,9,481
503,169,2025-06-03,Email,5,285
504,169,2025-10-20,Social Media,10,187
505,170,2025-01-05,Email,3,192
506,170,2025-05-14,Social Media,6,566
507,170,2024-11-28,Social Media,4,328
508,170,2025-04-26,Google Ads,6,148
509,171,2025-02-17,Referral,2,596
510,171,2024-12-20,Referral,8,205
511,171,2025-06-21,Social Media,5,169
512,172,2025-01-14,Email,5,289
513,172,2025-09-08,Referral,2,189
514,172,2025-09-28,Social Media,6,114
515,172,2025-08-22,Email,6,575
516,173,2025-06-18,Google Ads,3,366
517,174,2025-03-10,Referral,6,81
518,175,2025-10-29,Referral,1,215
519,175,2025-02-28,Social Media,9,127
520,175,2025-07-14,Email,1,91
521,176,2024-12-28,Google Ads,6,493
522,176,2025-05-28,Referral,3,300
523,176,2025-08-09,Social Media,10,146
524,176,2025-08-26,Google Ads,8,450
525,177,2025-08-16,Email,7,83
526,178,2025-05-17,Email,5,41
527,178,2025-08-19,Social Media,2,157
528,178,2025-07-26,Referral,10,349
529,178,2025-01-09,Social Media,10,598
530,178,2024-12-01,Email,7,397
531,179,2025-02-19,Google Ads,7,180
532,179,2025-10-21,Referral,7,490
533,179,2025-03-20,Social Media,10,359
534,180,2025-09-14,Social Media,4,57
535,180,2025-09-08,Email,9,415
536,180,2025-11-27,Social Media,4,456
537,180,2024-12-08,Google Ads,2,62
538,180,2025-04-10,Referral,7,260
539,181,2024-12-26,Email,3,239
540,181,2025-09-20,Google Ads,5,174
541,181,2025-09-30,Email,7,252
542,181,2025-05-19,Social Media,8,420
543,181,2025-07-24,Social Media,7,229
544,182,2025-06-13,Referral,6,189
545,182,2025-06-30,Google Ads,1,316
546,182,2025-03-09,Social Media,7,371
547,182,2025-02-25,Google Ads,10,495
548,182,2025-08-12,Referral,5,160
549,183,2025-10-23,Referral,6,583
550,183,2025-07-31,Email,8,394
551,183,2025-09-30,Email,4,380
552,183,2025-05-03,Email,5,253
553,183,2025-08-15,Email,9,183
554,184,2025-09-22,Email,10,115
555,185,2025-11-07,Referral,7,581
556,186,2025-10-30,Email,9,206
557,186,2025-03-12,Referral,9,400
558,186,2025-04-09,Referral,5,503
559,186,2025-09-09,Email,10,80
560,186,2025-06-27,Social Media,2,221
561,187,2025-02-11,Email,5,299
562,188,2025-02-25,Email,3,585
563,188,2025-07-22,Referral,4,537
564,188,2024-12-10,Email,4,582
565,188,2025-04-08,Social Media,5,544
566,188,2025-03-29,Referral,7,578
567,189,2025-09-27,Social Media,7,301
568,189,2025-11-02,Referral,8,310
569,190,2025-06-21,Google Ads,2,250
570,191,2025-06-04,Social Media,2,466
571,191,2025-10-02,Email,1,444
572,192,2025-08-17,Google Ads,4,540
573,192,2025-09-04,Referral,9,521
574,192,2025-02-24,Social Media,2,332
575,192,2025-10-08,Email,3,244
576,193,2025-08-20,Email,4,507
577,194,2025-09-08,Referral,10,181
578,194,2025-09-08,Email,10,346
579,194,2025-07-19,Google Ads,7,85
580,195,2025-07-24,Email,9,559
581,195,2025-03-12,Social Media,4,186
582,195,2025-09-25,Email,5,172
583,196,2025-11-28,Email,5,223
584,197,2025-09-25,Email,6,144
585,197,2025-09-28,Referral,3,362
586,198,2025-02-18,Social Media,9,220
587,198,2024-12-25,Social Media,7,516
588,198,2025-01-31,Referral,7,79
589,198,2025-05-20,Email,8,495
590,198,2025-05-15,Referral,4,195
591,199,2025-04-12,Referral,7,421
592,199,2025-02-10,Email,9,453
593,199,2025-06-14,Referral,7,79
594,200,2025-02-08,Social Media,6,471
595,200,2025-10-25,Referral,4,485
596,200,2025-05-06,Social Media,3,344
597,200,2024-12-04,Google Ads,10,580
598,201,2025-04-30,Referral,2,237
599,201,2025-06-20,Google Ads,7,124
600,201,2025-01-04,Referral,6,98
601,201,2024-12-26,Referral,2,155
602,201,2025-10-29,Social Media,3,417
603,202,2025-07-10,Google Ads,5,179
604,202,2025-08-12,Social Media,9,82
605,202,2025-11-19,Referral,4,206
606,202,2025-02-06,Email,5,278
607,203,2025-02-02,Referral,2,97
608,203,2025-08-09,Google Ads,6,509
609,203,2025-05-02,Email,6,592
610,203,2025-02-20,Email,10,391
611,204,2025-04-22,Google Ads,5,100
612,204,2025-06-10,Social Media,9,268
613,204,2025-04-13,Social Media,6,222
614,204,2025-03-28,Social Media,5,491
615,205,2025-05-08,Email,3,75
616,205,2025-03-18,Google Ads,8,431
617,205,2025-05-25,Social Media,4,113
618,206,2025-08-06,Social Media,6,79
619,206,2025-02-08,Google Ads,10,368
620,206,2025-07-22,Referral,6,578
621,206,2025-05-11,Social Media,10,447
622,206,2025-04-11,Google Ads,2,364
623,207,2025-11-01,Referral,3,234
624,207,2025-02-27,Email,4,123
625,207,2025-03-28,Referral,5,52
626,207,2024-12-07,Social Media,10,115
627,207,2025-04-20,Social Media,5,152
628,208,2025-05-05,Google Ads,6,126
629,208,2025-02-24,Google Ads,1,524
630,208,2025-01-12,Email,4,388
631,208,2025-01-26,Email,6,411
632,208,2025-03-24,Email,8,243
633,209,2025-08-15,Social Media,7,540
634,209,2025-10-15,Google Ads,5,529
635,209,2025-03-25,Google Ads,9,247
636,210,2025-02-15,Social Media,3,65
637,210,2025-09-02,Google Ads,1,389
638,210,2025-06-21,Social Media,2,97
639,210,2025-06-16,Social Media,6,254
640,210,2025-05-03,Social Media,10,388
641,211,2025-06-06,Google Ads,10,99
642,211,2025-02-23,Email,7,300
643,212,2025-01-10,Email,6,468
644,213,2025-03-28,Referral,1,441
645,213,2025-03-26,Referral,7,76
646,213,2025-03-18,Referral,2,59
647,213,2025-05-11,Email,5,357
648,214,2025-08-05,Social Media,2,337
649,214,2025-01-06,Google Ads,4,230
650,214,2025-02-25,Email,10,578
651,214,2025-06-13,Email,3,79
652,215,2025-08-31,Email,2,498
653,216,2025-07-10,Email,2,83
654,216,2025-01-15,Referral,4,189
655,217,2025-03-15,Google Ads,9,387
656,217,2025-08-09,Social Media,10,59
657,217,2025-01-02,Social Media,7,471
658,218,2025-07-15,Email,8,508
659,219,2025-09-18,Google Ads,4,71
660,219,2025-08-02,Google Ads,7,122
661,220,2025-06-19,Google Ads,1,329
662,220,2025-08-22,Google Ads,6,438
663,220,2025-07-06,Email,7,261
664,220,2025-04-28,Referral,4,199
665,221,2025-09-29,Google Ads,5,410
666,221,2025-10-10,Email,7,401
667,221,2025-05-04,Google Ads,10,552
668,222,2025-02-04,Google Ads,6,143
669,222,2025-02-16,Referral,1,251
670,222,2025-08-26,Google Ads,4,399
671,222,2025-03-18,Referral,3,430
672,222,2025-08-05,Email,2,456
673,223,2025-06-22,Referral,9,199
674,223,2025-07-09,Google Ads,3,213
675,223,2025-04-02,Google Ads,8,413
676,223,2025-01-21,Referral,2,255
677,223,2025-09-21,Google Ads,7,79
678,224,2025-01-27,Google Ads,3,244
679,224,2025-06-17,Referral,9,311
680,224,2025-09-24,Social Media,6,483
681,224,2025-06-06,Referral,7,180
682,225,2025-09-16,Email,5,331
683,226,2024-12-02,Email,3,538
684,227,2025-09-23,Google Ads,3,33
685,227,2025-04-30,Referral,6,595
686,227,2025-03-11,Referral,4,235
687,228,2025-07-28,Email,10,57
688,228,2025-09-05,Social Media,4,563
689,228,2025-03-03,Email,2,474
690,228,2025-03-29,Referral,9,308
691,229,2025-02-23,Social Media,7,145
692,229,2025-05-12,Email,2,138
693,229,2025-03-11,Social Media,1,294
694,229,2025-10-17,Referral,4,106
695,229,2025-09-28,Email,7,498
696,230,2025-09-21,Google Ads,5,453
697,230,2025-11-15,Social Media,2,529
698,230,2025-09-19,Referral,5,427
699,231,2025-01-26,Google Ads,2,166
700,231,2024-11-29,Google Ads,6,432
701,231,2025-04-25,Social Media,10,252
702,232,2025-09-12,Referral,7,294
703,232,2025-10-29,Email,4,267
704,232,2025-03-14,Referral,10,386
705,232,2025-05-29,Google Ads,3,281
706,233,2025-01-31,Social Media,3,358
707,233,2025-11-18,Social Media,1,424
708,234,2025-08-08,Google Ads,2,567
709,234,2025-03-12,Email,7,316
710,234,2025-01-25,Email,8,345
711,235,2025-11-24,Social Media,7,243
712,236,2025-03-12,Referral,10,445
713,236,2024-12-20,Referral,7,278
714,237,2025-09-27,Google Ads,8,247
715,237,2025-03-11,Social Media,1,119
716,237,2025-02-18,Referral,9,478
717,237,2025-08-03,Social Media,8,451
718,237,2025-05-30,Social Media,5,155
719,238,2025-07-08,Social Media,5,120
720,238,2025-05-11,Google Ads,8,441
721,238,2025-04-03,Email,7,125
722,239,2025-06-09,Google Ads,5,562
723,239,2025-07-30,Email,10,563
724,239,2025-06-13,Google Ads,1,321
725,239,2025-03-08,Social Media,4,262
726,240,2025-06-19,Google Ads,1,116
727,241,2025-11-13,Email,6,464
728,241,2025-08-27,Google Ads,4,253
729,241,2025-08-06,Social Media,8,513
730,242,2025-07-26,Referral,9,312
731,242,2025-03-09,Social Media,8,425
732,242,2025-04-05,Google Ads,6,89
733,242,2024-12-26,Social Media,5,109
734,243,2025-05-23,Google Ads,7,345
735,243,2024-12-30,Social Media,3,334
736,243,2025-07-01,Referral,7,518
737,243,2025-08-03,Referral,5,456
738,243,2025-08-09,Referral,9,277
739,244,2025-06-08,Email,6,224
740,244,2025-10-23,Referral,2,275
741,244,2024-12-21,Referral,8,386
742,244,2025-08-26,Email,10,434
743,244,2025-11-15,Referral,4,226
744,245,2025-02-11,Social Media,4,275
745,245,2025-10-19,Email,1,537
746,246,2025-05-30,Referral,4,520
747,246,2024-12-18,Email,1,449
748,246,2025-03-18,Referral,4,324
749,247,2024-12-24,Referral,1,339
750,247,2025-04-17,Referral,7,345
751,247,2025-08-07,Google Ads,9,414
752,247,2025-03-28,Social Media,9,584
753,247,2025-09-22,Referral,5,101
754,248,2025-04-21,Google Ads,10,278
755,248,2025-07-19,Email,7,520
756,248,2025-02-06,Google Ads,8,125
757,248,2024-11-30,Email,6,210
758,248,2025-02-26,Social Media,6,70
759,249,2025-05-29,Google Ads,5,298
760,249,2025-06-19,Google Ads,1,429
761,249,2025-06-10,Google Ads,2,156
762,249,2025-03-02,Social Media,4,51
763,250,2025-01-31,Referral,7,332
764,250,2024-12-22,Google Ads,6,514
765,250,2025-11-07,Referral,1,569
766,251,2025-09-02,Email,9,334
767,251,2025-07-18,Social Media,3,388
768,251,2025-08-15,Social Media,2,287
769,251,2025-11-13,Google Ads,3,473
770,252,2025-11-08,Social Media,3,482
771,252,2025-08-09,Google Ads,7,315
772,252,2025-11-04,Email,7,466
773,252,2025-06-03,Referral,5,589
774,252,2025-02-16,Email,5,192
775,253,2025-06-19,Referral,10,459
776,253,2025-04-13,Referral,10,376
777,253,2025-07-08,Referral,7,365
778,253,2025-10-17,Social Media,8,105
779,254,2025-06-30,Social Media,4,200
780,254,2025-08-11,Referral,3,279
781,254,2025-08-26,Referral,4,86
782,254,2025-05-05,Email,2,577
783,255,2025-05-02,Referral,9,553
784,256,2025-08-24,Email,3,356
785,257,2025-03-13,Social Media,3,499
786,257,2025-02-28,Social Media,5,503
787,258,2025-03-05,Social Media,2,82
788,259,2025-11-27,Social Media,1,541
789,260,2025-05-27,Social Media,9,488
790,260,2025-06-03,Email,10,226
791,260,2025-09-19,Social Media,10,86
792,261,2025-05-09,Social Media,10,580
793,261,2025-04-30,Email,4,408
794,261,2025-01-20,Social Media,10,305
795,261,2025-04-18,Google Ads,7,466
796,262,2025-04-15,Email,9,398
797,262,2025-08-07,Social Media,7,290
798,262,2025-09-16,Referral,5,528
799,263,2025-07-17,Referral,2,337
800,263,2025-06-24,Email,9,90
801,263,2025-09-03,Referral,5,37
802,263,2025-09-04,Referral,2,290
803,264,2025-01-15,Referral,3,223
804,264,2025-11-12,Social Media,10,187
805,264,2024-11-28,Social Media,9,196
806,264,2025-04-20,Google Ads,2,398
807,265,2025-10-25,Social Media,2,77
808,266,2025-06-09,Email,6,127
809,266,2025-08-19,Email,10,593
810,267,2025-06-22,Referral,5,301
811,267,2025-05-11,Social Media,4,484
812,267,2025-01-22,Google Ads,6,385
813,267,2025-02-02,Email,9,91
814,267,2025-03-05,Referral,5,454
815,268,2025-08-03,Google Ads,6,53
816,268,2025-03-15,Referral,3,445
817,268,2025-11-14,Email,10,430
818,269,2025-02-17,Email,1,526
819,269,2024-12-30,Google Ads,1,404
820,269,2025-10-29,Social Media,1,457
821,269,2025-01-24,Social Media,6,480
822,270,2025-09-23,Social Media,6,285
823,270,2025-01-24,Email,9,270
824,271,2025-03-16,Referral,1,324
825,272,2025-07-13,Email,8,30
826,272,2025-11-25,Email,7,555
827,272,2025-05-21,Email,1,302
828,273,2025-05-20,Social Media,10,237
829,273,2025-07-23,Google Ads,7,149
830,273,2025-05-29,Social Media,9,332
831,273,2025-08-17,Social Media,9,60
832,273,2025-05-28,Email,1,210
833,274,2025-11-21,Referral,4,141
834,274,2025-06-25,Referral,5,558
835,274,2025-07-22,Email,5,341
836,274,2025-07-31,Referral,8,168
837,275,2025-10-02,Referral,6,196
838,275,2025-02-12,Social Media,10,336
839,275,2025-05-20,Email,8,591
840,276,2025-01-01,Email,8,421
841,277,2025-03-24,Email,6,455
842,277,2025-10-12,Social Media,2,378
843,277,2024-11-29,Social Media,7,182
844,277,2025-11-17,Google Ads,5,542
845,277,2025-03-08,Google Ads,6,567
846,278,2025-02-25,Email,2,374
847,278,2025-06-13,Email,3,405
848,279,2025-03-15,Social Media,2,342
849,279,2025-11-17,Email,3,98
850,280,2025-10-17,Social Media,7,383
851,281,2025-07-31,Social Media,2,104
852,281,2025-03-27,Email,5,357
853,282,2025-01-19,Email,10,501
854,283,2024-12-17,Google Ads,10,347
855,283,2025-07-21,Google Ads,5,236
856,284,2025-02-11,Google Ads,6,376
857,284,2025-07-23,Social Media,10,400
858,284,2025-04-27,Referral,6,97
859,284,2025-06-28,Email,10,244
860,284,2025-10-12,Google Ads,4,182
861,285,2025-02-09,Social Media,2,553
862,285,2025-04-20,Email,10,453
863,285,2025-03-08,Social Media,9,374
864,285,2025-08-19,Referral,8,477
865,286,2025-07-11,Referral,10,296
866,287,2025-11-01,Email,1,421
867,288,2025-07-05,Referral,5,267
868,288,2025-08-13,Social Media,6,112
869,288,2024-12-18,Google Ads,4,492
870,288,2025-09-04,Social Media,4,126
871,288,2024-12-27,Email,10,527
872,289,2025-09-07,Google Ads,10,334
873,289,2025-06-22,Referral,6,203
874,289,2025-11-27,Referral,9,392
875,289,2025-05-16,Google Ads,8,200
876,290,2025-10-23,Referral,3,96
877,291,2025-01-03,Google Ads,7,86
878,291,2025-09-13,Social Media,9,504
879,292,2025-02-24,Social Media,5,187
880,293,2025-11-11,Email,9,545
881,293,2025-02-10,Email,3,159
882,294,2025-09-17,Referral,8,387
883,295,2024-12-17,Social Media,7,437
884,296,2025-11-22,Referral,1,98
885,297,2024-12-28,Referral,5,521
886,297,2025-03-19,Social Media,2,134
887,297,2025-04-25,Google Ads,5,233
888,298,2025-07-24,Referral,3,289
889,299,2025-10-14,Google Ads,3,501
890,299,2025-06-09,Email,10,430
891,300,2025-04-13,Email,2,112
892,300,2025-04-10,Social Media,3,180
893,300,2025-07-02,Referral,5,105
894,301,2025-08-03,Email,4,101
895,302,2025-03-06,Email,3,577
896,302,2025-07-24,Google Ads,9,555
897,302,2025-05-13,Email,6,148
898,302,2025-03-02,Email,7,513
899,303,2024-12-11,Google Ads,4,225
900,303,2025-02-05,Referral,5,412
901,303,2024-12-07,Social Media,3,212
902,303,2025-06-08,Google Ads,3,78
903,304,2025-02-15,Google Ads,10,238
904,304,2025-04-14,Referral,4,449
905,304,2025-06-02,Referral,7,449
906,304,2024-12-01,Google Ads,7,212
907,304,2025-03-22,Social Media,5,79
908,305,2025-11-16,Social Media,7,115
909,305,2025-09-10,Google Ads,9,373
910,306,2024-12-29,Email,5,388
911,306,2025-10-13,Referral,7,244
912,306,2025-04-19,Social Media,3,137
913,306,2025-05-18,Google Ads,6,434
914,306,2025-08-19,Social Media,7,324
915,307,2025-05-09,Referral,5,476
916,307,2025-09-06,Email,10,314
917,307,2025-11-06,Email,6,591
918,307,2025-10-28,Email,3,259
919,308,2025-01-24,Referral,2,301
920,309,2025-05-23,Google Ads,3,33
921,310,2025-02-26,Referral,2,562
922,310,2025-02-04,Email,7,483
923,310,2025-01-30,Email,8,463
924,311,2025-05-21,Referral,2,67
925,311,2024-12-19,Social Media,3,546
926,311,2025-05-10,Social Media,3,131
927,311,2024-11-30,Referral,6,64
928,311,2025-03-09,Email,9,350
929,312,2024-12-27,Google Ads,7,495
930,313,2024-12-11,Email,4,590
931,313,2025-10-02,Email,4,48
932,313,2025-03-18,Referral,10,240
933,313,2025-10-14,Email,9,533
934,314,2025-09-14,Email,9,517
935,314,2025-06-20,Referral,1,76
936,314,2025-10-19,Social Media,2,375
937,314,2024-12-06,Social Media,2,577
938,314,2025-06-01,Referral,3,191
939,315,2025-03-23,Referral,1,291
940,315,2025-06-26,Email,6,506
941,315,2025-04-16,Email,9,133
942,315,2024-12-05,Google Ads,1,332
943,315,2025-02-18,Google Ads,10,185
944,316,2024-12-17,Social Media,7,125
945,316,2025-01-24,Referral,3,296
946,316,2025-11-03,Referral,7,157
947,316,2025-02-03,Referral,4,551
948,317,2025-01-05,Email,4,467
949,317,2025-01-05,Referral,4,118
950,317,2025-07-23,Email,10,335
951,317,2025-03-05,Social Media,2,511
952,317,2025-09-03,Referral,3,327
953,318,2025-01-13,Google Ads,8,78
954,318,2025-08-16,Referral,10,488
955,318,2025-01-28,Referral,9,211
956,318,2025-11-06,Referral,9,543
957,319,2025-01-21,Google Ads,7,147
958,319,2025-10-09,Social Media,2,173
959,319,2025-05-03,Email,9,41
960,319,2025-06-15,Email,2,455
961,320,2025-04-28,Email,5,149
962,321,2025-09-19,Email,3,445
963,321,2025-09-11,Social Media,6,91
964,321,2025-06-27,Google Ads,1,446
965,322,2025-03-20,Social Media,5,196
966,322,2025-11-26,Email,3,173
967,323,2024-12-15,Google Ads,4,426
968,323,2024-12-26,Email,9,150
969,323,2025-06-04,Social Media,4,277
970,323,2025-01-14,Social Media,9,318
971,323,2025-11-03,Google Ads,9,361
972,324,2025-02-15,Email,6,50
973,324,2025-10-09,Social Media,6,162
974,324,2025-08-11,Referral,2,99
975,324,2025-06-16,Google Ads,7,204
976,324,2024-12-15,Referral,9,138
977,325,2025-11-23,Social Media,8,149
978,325,2025-07-21,Social Media,4,127
979,325,2025-09-06,Email,9,424
980,325,2025-07-23,Email,9,38
981,325,2025-08-03,Referral,6,471
982,326,2025-03-28,Social Media,2,283
983,326,2025-03-15,Email,5,152
984,326,2025-03-27,Google Ads,10,423
985,327,2025-04-26,Referral,8,565
986,328,2025-01-13,Email,3,450
987,328,2025-11-01,Google Ads,9,512
988,328,2025-11-08,Email,7,96
989,328,2025-11-05,Email,10,293
990,329,2024-12-01,Social Media,8,401
991,329,2025-08-28,Social Media,6,550
992,329,2025-03-09,Referral,8,466
993,330,2025-09-18,Google Ads,10,456
994,330,2025-07-23,Social Media,7,141
995,330,2025-10-18,Google Ads,3,455
996,330,2024-12-17,Google Ads,7,249
997,330,2025-08-08,Referral,4,365
998,331,2025-09-17,Email,9,487
999,331,2025-08-22,Social Media,8,30
1000,332,2025-04-08,Email,3,259
1001,332,2025-05-09,Social Media,3,247
1002,332,2025-11-18,Social Media,9,103
1003,333,2025-06-28,Google Ads,9,570
1004,334,2025-02-16,Referral,1,398
1005,335,2025-07-08,Email,6,275
1006,335,2025-03-03,Google Ads,4,219
1007,336,2025-02-08,Referral,10,259
1008,337,2025-04-08,Referral,2,298
1009,337,2025-04-28,Referral,1,505
1010,337,2025-06-01,Google Ads,9,303
1011,337,2025-01-11,Google Ads,8,142
1012,337,2024-12-11,Email,5,559
1013,338,2025-10-25,Social Media,1,244
1014,338,2024-12-27,Referral,9,588
1015,339,2025-10-11,Social Media,5,282
1016,339,2025-11-05,Referral,4,53
1017,339,2025-11-22,Social Media,2,99
1018,339,2025-01-26,Google Ads,8,388
1019,340,2025-08-21,Referral,6,356
1020,340,2025-01-12,Social Media,10,529
1021,340,2025-02-05,Google Ads,7,384
1022,340,2025-03-28,Email,8,507
1023,340,2025-03-14,Referral,2,71
1024,341,2025-10-11,Social Media,8,378
1025,341,2025-01-21,Google Ads,9,418
1026,341,2025-08-19,Social Media,1,287
1027,341,2025-08-05,Email,7,246
1028,342,2025-06-11,Google Ads,7,556
1029,343,2025-06-26,Email,5,533
1030,343,2025-05-04,Email,5,428
1031,344,2025-07-15,Google Ads,6,457
1032,344,2025-10-19,Email,2,220
1033,344,2025-07-20,Google Ads,3,147
1034,345,2025-09-03,Email,8,529
1035,345,2025-08-29,Email,1,311
1036,345,2025-03-02,Email,2,541
1037,346,2025-10-12,Google Ads,3,353
1038,346,2024-12-02,Social Media,6,481
1039,346,2025-02-05,Referral,9,314
1040,346,2025-05-05,Google Ads,1,109
1041,346,2025-03-02,Social Media,3,318
1042,347,2025-10-10,Referral,6,143
1043,348,2025-01-10,Social Media,3,582
1044,348,2025-09-25,Social Media,6,400
1045,348,2025-05-22,Referral,6,353
1046,349,2025-03-22,Social Media,5,300
1047,349,2025-09-24,Google Ads,1,125
1048,350,2025-01-16,Email,10,63
1049,350,2025-04-03,Referral,4,399
1050,350,2025-03-25,Google Ads,8,579
1051,350,2024-12-19,Referral,10,439
1052,351,2025-02-12,Social Media,1,262
1053,351,2025-03-24,Google Ads,1,63
1054,351,2025-10-04,Email,2,274
1055,351,2025-07-29,Google Ads,8,167
1056,351,2025-11-15,Referral,5,160
1057,352,2024-12-13,Social Media,7,187
1058,352,2025-02-17,Social Media,10,496
1059,352,2025-01-11,Referral,6,143
1060,352,2025-08-20,Email,6,86
1061,353,2025-03-01,Email,6,543
1062,353,2024-12-23,Referral,8,548
1063,354,2025-11-05,Google Ads,1,595
1064,354,2025-05-31,Google Ads,1,446
1065,354,2025-07-24,Email,8,202
1066,354,2025-11-22,Referral,9,157
1067,355,2025-10-05,Referral,5,288
1068,355,2025-06-20,Google Ads,5,573
1069,356,2024-12-14,Google Ads,3,346
1070,356,2025-08-17,Social Media,9,262
1071,356,2025-03-08,Referral,3,388
1072,356,2025-04-13,Referral,10,92
1073,357,2025-10-28,Email,9,233
1074,357,2025-09-02,Google Ads,10,296
1075,357,2025-05-27,Referral,8,44
1076,358,2025-10-04,Social Media,6,123
1077,358,2025-08-02,Social Media,10,295
1078,358,2025-06-24,Social Media,1,397
1079,359,2024-12-18,Google Ads,8,507
1080,360,2025-07-10,Referral,3,330
1081,360,2025-10-07,Google Ads,9,37
1082,360,2025-11-10,Social Media,10,401
1083,360,2025-01-29,Email,9,220
1084,361,2025-06-04,Referral,8,135
1085,362,2025-09-10,Email,10,395
1086,363,2025-01-17,Google Ads,10,424
1087,363,2024-11-29,Social Media,1,596
1088,363,2025-03-11,Social Media,8,272
1089,363,2025-02-26,Referral,8,546
1090,363,2025-05-19,Email,1,102
1091,364,2025-10-19,Social Media,5,201
1092,365,2025-07-22,Social Media,6,483
1093,365,2025-11-25,Social Media,1,101
1094,366,2025-04-27,Social Media,10,398
1095,367,2025-11-23,Google Ads,7,86
1096,367,2025-08-18,Referral,2,319
1097,368,2025-03-16,Email,3,309
1098,368,2025-03-16,Google Ads,9,480
1099,368,2024-12-02,Google Ads,4,174
1100,368,2025-03-08,Social Media,10,250
1101,368,2025-10-22,Referral,8,241
1102,369,2025-01-26,Social Media,8,415
1103,370,2024-12-27,Email,8,268
1104,370,2025-07-11,Referral,10,284
1105,370,2025-06-14,Email,1,524
1106,370,2025-08-14,Email,2,80
1107,371,2025-09-07,Google Ads,4,447
1108,371,2025-07-12,Referral,10,462
1109,371,2025-02-25,Google Ads,8,548
1110,372,2025-02-14,Referral,6,112
1111,372,2024-12-09,Social Media,3,225
1112,373,2025-06-02,Social Media,6,339
1113,373,2025-06-10,Social Media,7,176
1114,373,2025-10-10,Referral,7,117
1115,374,2025-02-04,Referral,6,561
1116,374,2025-05-13,Google Ads,8,540
1117,375,2025-04-13,Social Media,7,196
1118,375,2025-07-01,Email,1,494
1119,375,2025-10-04,Email,8,274
1120,375,2024-12-17,Email,3,226
1121,376,2025-10-12,Social Media,9,168
1122,376,2025-05-11,Email,5,558
1123,376,2025-09-04,Email,6,317
1124,376,2025-07-13,Email,10,191
1125,377,2024-12-28,Google Ads,1,157
1126,377,2025-02-19,Google Ads,3,111
1127,377,2025-09-01,Email,9,426
1128,377,2025-08-11,Google Ads,3,270
1129,377,2025-08-26,Referral,9,508
1130,378,2025-06-08,Google Ads,3,113
1131,378,2025-04-09,Email,7,576
1132,378,2025-04-28,Email,10,162
1133,378,2025-07-19,Email,8,409
1134,378,2025-05-19,Email,10,326
1135,379,2025-03-06,Referral,2,242
1136,380,2025-11-21,Referral,8,562
1137,380,2025-09-15,Email,4,498
1138,381,2025-11-20,Social Media,7,172
1139,382,2025-05-01,Social Media,3,82
1140,382,2025-09-27,Google Ads,5,230
1141,382,2025-03-25,Google Ads,9,158
1142,382,2025-04-04,Referral,4,475
1143,383,2025-09-20,Google Ads,10,214
1144,384,2025-10-07,Social Media,4,352
1145,384,2025-04-22,Google Ads,5,309
1146,384,2025-01-01,Referral,7,115
1147,384,2025-02-22,Google Ads,7,526
1148,384,2025-04-25,Email,2,388
1149,385,2025-11-01,Social Media,6,338
1150,385,2025-01-18,Email,10,205
1151,385,2025-11-15,Referral,9,247
1152,385,2024-12-15,Email,9,207
1153,386,2025-02-05,Social Media,3,356
1154,386,2025-06-08,Referral,4,533
1155,387,2025-09-30,Social Media,1,49
1156,387,2025-06-13,Google Ads,10,208
1157,387,2025-11-15,Email,1,568
1158,387,2025-02-13,Social Media,6,76
1159,388,2025-10-01,Social Media,7,398
1160,388,2025-10-19,Google Ads,6,577
1161,389,2025-09-03,Email,3,251
1162,389,2025-02-28,Social Media,8,192
1163,389,2025-04-30,Email,7,137
1164,389,2025-05-28,Email,10,220
1165,390,2025-02-12,Google Ads,7,504
1166,390,2025-07-22,Email,9,458
1167,390,2025-04-04,Social Media,9,450
1168,391,2025-03-17,Google Ads,5,515
1169,391,2025-03-08,Email,8,237
1170,392,2025-08-31,Email,9,493
1171,392,2025-04-15,Referral,5,153
1172,392,2025-08-21,Referral,4,533
1173,393,2025-10-23,Email,3,205
1174,393,2025-03-06,Social Media,3,183
1175,393,2025-02-27,Social Media,8,510
1176,393,2025-09-30,Referral,4,423
1177,393,2025-10-30,Email,7,345
1178,394,2025-05-23,Google Ads,6,368
1179,394,2025-01-20,Email,3,260
1180,395,2025-08-22,Referral,3,229
1181,395,2025-01-03,Email,10,133
1182,395,2025-07-02,Social Media,6,538
1183,396,2025-08-16,Google Ads,2,572
1184,396,2025-07-27,Email,10,569
1185,396,2025-01-16,Google Ads,10,76
1186,396,2025-03-14,Google Ads,2,399
1187,396,2025-03-03,Email,2,475
1188,397,2025-02-18,Email,10,408
1189,397,2025-02-20,Social Media,10,541
1190,397,2025-04-30,Referral,5,539
1191,397,2025-03-22,Social Media,3,190
1192,397,2025-06-09,Email,10,307
1193,398,2025-06-22,Email,6,559
1194,398,2025-09-19,Google Ads,5,326
1195,399,2025-10-02,Referral,2,374
1196,399,2025-03-12,Email,9,300
1197,399,2025-01-12,Google Ads,10,110
1198,399,2025-08-19,Referral,5,106
1199,400,2025-09-24,Google Ads,4,206
1200,400,2025-03-09,Email,6,286
1201,401,2025-03-07,Google Ads,1,301
1202,401,2025-09-15,Social Media,10,108
1203,402,2025-10-04,Google Ads,3,378
1204,402,2025-05-09,Referral,7,323
1205,402,2025-07-12,Email,10,37
1206,402,2025-08-29,Google Ads,1,582
1207,402,2025-07-25,Email,2,360
1208,403,2025-05-22,Google Ads,8,68
1209,403,2025-04-19,Email,3,526
1210,404,2025-10-31,Referral,2,520
1211,404,2024-12-04,Google Ads,9,34
1212,404,2025-11-16,Google Ads,7,466
1213,404,2025-10-04,Referral,7,121
1214,405,2025-08-30,Email,7,173
1215,405,2025-11-15,Email,9,255
1216,405,2025-08-09,Social Media,4,266
1217,405,2025-10-14,Google Ads,6,84
1218,405,2024-12-14,Referral,4,432
1219,406,2025-01-07,Google Ads,10,448
1220,407,2025-09-14,Email,5,127
1221,407,2025-07-14,Social Media,10,495
1222,407,2025-04-01,Email,7,140
1223,408,2025-04-13,Social Media,4,336
1224,408,2025-11-12,Social Media,8,516
1225,408,2025-01-05,Referral,1,581
1226,408,2025-11-03,Social Media,2,537
1227,408,2025-02-23,Google Ads,5,499
1228,409,2025-04-20,Google Ads,9,45
1229,410,2025-09-30,Email,10,281
1230,411,2025-11-06,Referral,8,356
1231,411,2024-11-28,Google Ads,2,565
1232,411,2025-06-05,Email,3,46
1233,411,2025-07-01,Google Ads,10,444
1234,412,2025-02-16,Social Media,5,384
1235,412,2025-07-16,Google Ads,7,539
1236,412,2025-10-30,Google Ads,10,421
1237,413,2025-07-02,Referral,9,537
1238,413,2025-06-05,Social Media,2,379
1239,414,2025-10-08,Social Media,4,364
1240,414,2025-09-25,Google Ads,7,376
1241,414,2025-02-15,Email,9,96
1242,415,2025-10-23,Social Media,4,522
1243,415,2025-03-27,Google Ads,7,103
1244,415,2025-05-28,Google Ads,6,440
1245,415,2025-06-12,Google Ads,8,442
1246,416,2025-03-15,Google Ads,3,453
1247,416,2025-03-09,Email,1,392
1248,416,2025-07-01,Social Media,7,137
1249,417,2025-01-09,Email,2,439
1250,417,2025-02-01,Social Media,6,485
1251,418,2025-10-29,Email,1,291
1252,419,2025-01-13,Social Media,1,119
1253,419,2025-01-11,Google Ads,1,263
1254,419,2025-03-24,Email,8,600
1255,420,2025-05-27,Google Ads,1,130
1256,420,2025-08-20,Referral,8,428
1257,420,2025-08-26,Email,10,203
1258,420,2025-11-09,Referral,5,244
1259,420,2025-08-11,Social Media,3,415
1260,421,2025-11-06,Social Media,9,493
1261,421,2025-02-11,Google Ads,8,260
1262,422,2024-12-29,Google Ads,5,537
1263,422,2025-11-18,Referral,3,322
1264,422,2024-12-06,Google Ads,6,394
1265,423,2025-10-18,Social Media,5,144
1266,424,2025-01-26,Social Media,6,34
1267,425,2025-06-19,Social Media,3,46
1268,425,2024-12-01,Google Ads,6,139
1269,425,2024-12-12,Google Ads,8,449
1270,426,2025-08-26,Social Media,9,483
1271,427,2024-12-05,Social Media,9,61
1272,427,2025-09-30,Social Media,2,430
1273,427,2025-10-05,Referral,2,102
1274,427,2024-12-12,Email,8,410
1275,428,2024-12-16,Google Ads,7,536
1276,428,2025-10-23,Social Media,4,291
1277,428,2025-09-13,Google Ads,3,30
1278,428,2025-01-05,Email,2,211
1279,428,2024-12-05,Referral,2,406
1280,429,2025-07-21,Google Ads,4,432
1281,429,2025-06-10,Social Media,4,235
1282,430,2024-12-09,Referral,6,370
1283,430,2025-06-12,Referral,6,475
1284,430,2025-06-20,Referral,9,285
1285,430,2025-08-28,Email,10,331
1286,431,2025-07-09,Email,4,552
1287,432,2025-01-06,Referral,10,466
1288,432,2025-10-23,Referral,9,340
1289,432,2025-01-27,Social Media,5,145
1290,432,2025-01-25,Google Ads,1,475
1291,432,2025-08-16,Email,6,238
1292,433,2025-07-02,Social Media,3,62
1293,433,2025-03-04,Referral,8,261
1294,434,2025-03-28,Referral,7,34
1295,434,2025-01-23,Google Ads,4,548
1296,434,2025-05-14,Referral,9,484
1297,434,2025-04-28,Google Ads,1,395
1298,434,2025-11-27,Social Media,1,150
1299,435,2025-04-09,Google Ads,9,363
1300,435,2025-07-15,Google Ads,1,126
1301,435,2025-06-07,Social Media,7,418
1302,436,2025-11-14,Social Media,1,30
1303,436,2025-09-06,Email,2,550
1304,436,2025-09-03,Email,4,307
1305,436,2025-11-19,Social Media,1,526
1306,436,2025-03-05,Social Media,8,233
1307,437,2025-06-12,Social Media,2,220
1308,437,2025-10-13,Email,3,174
1309,438,2025-01-29,Google Ads,5,31
1310,438,2025-01-20,Google Ads,8,346
1311,439,2025-09-21,Referral,6,118
1312,439,2025-10-06,Google Ads,7,183
1313,439,2025-03-29,Referral,2,522
1314,439,2025-06-22,Referral,5,206
1315,440,2024-12-08,Email,5,513
1316,440,2025-01-10,Email,9,257
1317,441,2025-02-04,Referral,4,584
1318,441,2025-09-04,Social Media,7,585
1319,441,2025-06-22,Social Media,2,170
1320,442,2025-04-24,Google Ads,7,254
1321,442,2025-06-27,Email,5,75
1322,442,2025-07-20,Google Ads,6,169
1323,442,2025-11-01,Email,8,598
1324,442,2025-04-27,Email,9,245
1325,443,2025-05-16,Referral,6,226
1326,444,2025-06-06,Google Ads,8,319
1327,445,2025-04-17,Google Ads,2,543
1328,445,2025-04-08,Google Ads,7,475
1329,446,2025-05-26,Email,4,272
1330,446,2025-07-06,Referral,10,395
1331,446,2025-11-28,Google Ads,3,76
1332,446,2024-12-18,Email,4,56
1333,447,2025-04-23,Email,4,81
1334,447,2025-10-18,Email,2,333
1335,447,2025-07-15,Social Media,7,40
1336,447,2025-02-08,Referral,1,399
1337,448,2025-08-17,Social Media,4,591
1338,449,2025-06-23,Social Media,7,454
1339,449,2025-09-16,Email,7,247
1340,449,2025-04-20,Email,3,239
1341,449,2025-06-30,Social Media,4,182
1342,450,2025-09-13,Referral,3,144
1343,450,2025-08-05,Social Media,8,347
1344,450,2025-11-24,Social Media,10,145
1345,450,2025-10-16,Referral,4,200
1346,451,2025-07-27,Social Media,4,325
1347,451,2025-07-12,Social Media,3,90
1348,451,2025-02-11,Email,1,532
1349,452,2025-11-28,Social Media,1,160
1350,452,2025-01-24,Google Ads,7,423
1351,453,2025-01-09,Social Media,8,317
1352,453,2024-12-30,Email,10,561
1353,453,2024-11-28,Google Ads,7,235
1354,453,2025-03-06,Google Ads,1,159
1355,454,2025-02-14,Email,4,366
1356,455,2025-10-24,Email,4,174
1357,455,2025-10-30,Google Ads,5,43
1358,456,2025-03-30,Google Ads,7,91
1359,457,2024-12-12,Referral,8,260
1360,457,2025-08-12,Social Media,5,442
1361,457,2025-05-04,Email,4,292
1362,457,2025-03-03,Email,10,520
1363,457,2025-04-13,Email,7,521
1364,458,2025-07-02,Referral,3,144
1365,458,2025-04-08,Google Ads,3,372
1366,458,2025-08-31,Google Ads,1,237
1367,458,2025-10-16,Referral,1,109
1368,459,2025-08-14,Social Media,4,538
1369,459,2024-11-29,Google Ads,2,200
1370,459,2025-01-29,Referral,9,42
1371,460,2025-06-12,Email,9,289
1372,461,2025-05-18,Social Media,3,579
1373,461,2025-03-22,Google Ads,10,218
1374,461,2025-04-29,Email,3,82
1375,461,2025-10-28,Referral,1,363
1376,462,2025-02-27,Referral,2,116
1377,462,2025-07-29,Email,4,101
1378,462,2025-09-29,Google Ads,10,360
1379,462,2025-08-28,Email,4,596
1380,462,2025-08-20,Email,10,115
1381,463,2025-02-18,Social Media,10,535
1382,463,2025-07-28,Social Media,5,282
1383,463,2025-06-29,Email,1,286
1384,463,2025-06-23,Social Media,8,125
1385,464,2025-02-16,Email,10,55
1386,465,2025-08-14,Email,5,342
1387,465,2025-04-16,Referral,8,112
1388,465,2025-11-05,Email,6,356
1389,465,2025-07-22,Email,7,483
1390,466,2025-01-15,Email,5,454
1391,466,2025-10-13,Referral,8,278
1392,466,2025-07-25,Email,4,68
1393,466,2024-12-24,Social Media,3,133
1394,467,2025-07-09,Referral,2,285
1395,467,2025-11-27,Google Ads,6,463
1396,468,2025-05-20,Google Ads,4,548
1397,468,2025-04-24,Google Ads,10,81
1398,468,2025-04-02,Referral,4,200
1399,469,2025-02-27,Social Media,1,64
1400,470,2025-04-01,Google Ads,6,174
1401,470,2025-10-01,Email,9,117
1402,470,2025-01-20,Email,10,213
1403,470,2025-03-01,Social Media,3,191
1404,471,2024-12-05,Google Ads,8,585
1405,472,2025-09-26,Social Media,5,487
1406,472,2025-04-26,Google Ads,5,289
1407,472,2025-02-19,Referral,3,446
1408,473,2025-10-18,Referral,1,83
1409,473,2025-08-25,Referral,7,408
1410,474,2025-03-22,Google Ads,3,352
1411,474,2025-01-16,Social Media,1,493
1412,475,2025-10-18,Google Ads,9,236
1413,476,2025-05-12,Referral,2,32
1414,477,2025-01-22,Referral,8,409
1415,477,2025-02-17,Social Media,7,54
1416,477,2025-05-12,Referral,4,221
1417,477,2025-04-27,Social Media,3,507
1418,477,2025-09-17,Referral,2,462
1419,478,2025-05-08,Social Media,1,454
1420,478,2025-08-07,Referral,3,30
1421,479,2025-01-26,Referral,10,544
1422,479,2025-02-01,Google Ads,2,447
1423,479,2025-09-27,Social Media,5,172
1424,480,2025-01-02,Referral,9,477
1425,480,2025-11-06,Email,8,283
1426,480,2025-04-03,Google Ads,5,289
1427,481,2025-10-08,Social Media,9,537
1428,481,2025-04-11,Google Ads,2,275
1429,481,2025-11-06,Social Media,7,231
1430,481,2025-02-23,Referral,8,363
1431,481,2025-05-02,Google Ads,4,295
1432,482,2025-01-29,Google Ads,2,114
1433,482,2025-04-13,Referral,6,248
1434,482,2025-09-13,Social Media,7,71
1435,482,2025-05-31,Social Media,1,554
1436,482,2024-12-14,Email,1,139
1437,483,2025-05-09,Referral,5,343
1438,483,2024-12-24,Google Ads,10,310
1439,483,2024-12-14,Referral,2,76
1440,483,2025-08-12,Email,4,159
1441,483,2025-02-01,Google Ads,7,211
1442,484,2025-10-27,Email,6,255
1443,484,2025-04-29,Social Media,3,400
1444,484,2025-11-05,Referral,5,578
1445,485,2025-07-06,Email,5,200
1446,485,2025-02-08,Social Media,6,443
1447,486,2024-12-27,Social Media,2,238
1448,486,2024-12-30,Social Media,9,547
1449,487,2025-07-12,Referral,8,86
1450,488,2025-07-24,Referral,1,157
1451,488,2024-12-25,Google Ads,5,497
1452,489,2025-06-10,Google Ads,2,519
1453,489,2025-05-11,Email,7,468
1454,490,2025-10-03,Google Ads,2,567
1455,490,2025-04-02,Social Media,9,112
1456,490,2025-06-18,Google Ads,1,547
1457,490,2025-05-26,Referral,2,583
1458,491,2025-09-27,Google Ads,6,340
1459,491,2024-12-23,Email,2,481
1460,491,2025-09-13,Referral,9,235
1461,492,2025-05-05,Social Media,8,572
1462,492,2025-11-13,Email,2,46
1463,492,2024-12-16,Google Ads,1,370
1464,492,2025-08-28,Social Media,1,90
1465,492,2024-12-07,Email,7,115
1466,493,2025-07-08,Email,5,187
1467,493,2025-05-05,Social Media,10,303
1468,493,2025-04-10,Email,3,330
1469,493,2025-03-22,Email,1,35
1470,494,2025-03-01,Email,10,546
1471,494,2025-08-27,Email,2,184
1472,494,2025-09-19,Referral,1,479
1473,495,2025-02-26,Google Ads,3,247
1474,495,2025-08-06,Google Ads,6,477
1475,496,2025-11-28,Email,9,173
1476,496,2025-11-14,Google Ads,10,435
1477,496,2025-05-11,Social Media,9,592
1478,497,2025-10-25,Referral,4,75
1479,497,2025-04-20,Referral,1,138
1480,497,2025-10-31,Social Media,5,564
1481,497,2025-10-21,Social Media,8,419
1482,498,2025-07-16,Referral,2,375
1483,498,2025-10-24,Referral,7,422
1484,498,2025-01-08,Google Ads,1,346
1485,498,2025-08-21,Referral,8,356
1486,499,2025-01-27,Referral,8,158
1487,499,2025-01-17,Google Ads,4,257
1488,499,2025-06-12,Email,9,169
1489,499,2025-08-26,Google Ads,8,369
1490,500,2025-10-23,Email,6,515
1491,500,2025-07-23,Email,2,122
1492,500,2025-09-29,Google Ads,8,575
1493,500,2025-06-24,Google Ads,8,88
1494,500,2025-06-03,Social Media,6,532
